First Name,Last Name,Email Address,Salt,Date of Birth,Contact Number,Address
Shanice,O'Connor,Shanice.OConnor@KKHAIREMPORIUM.COM,e805da846a32c3bb,1958/11/24,31034131647,"Market Street #64, St. Thomas, BB23026, Barbados"
Renée,Lewis,RENE.LEWIS@kandk-hair.co,78dcb74f21345d2c,1996/12/28,+ 62704828  ,"Market Street #6, Clarendon, 99353, Jamaica"
Devon,Baptiste,Devon.Baptiste.442@loyalty.kkhair.com,e4d58e72e310275d,1974/03/06,(687) 23430,"Bay Street #31, St. Peter Basseterre, KN0101, St. Kitts & Nevis"
Devon,Baptiste,Devon.Baptiste@KKHAIREMPORIUM.COM,a86a78c49ea20e32,2000/05/20,8498084124118244,"Bay Street #179, St. Michael, BB23026, Barbados"
Tia,Brathwaite,Tia.Brathwaite@mail.kkhair.net,3c681d06bd2aa399,1984/04/06,94680443699,"Coconut Walk #284, St. Andrew, 65108, Jamaica"
Khadija,Baptiste,Khadija.Baptiste@loyalty.kkhair.com,2ed6cfc7403d75e1,1965/11/20,872-7743-487347143,"Bamboo Crescent #238, Clarendon, 83259, Jamaica"
Mikaël,Greenidge,Mikal.Greenidge@kkhairemporium.com,7ffe0297c79bfbda,1995/09/16,+ 3749894  ,"Coconut Walk #119, Castries, LC12 301, St. Lucia"
Dwayne ,Clarke,Dwayne.Clarke-715@kandk-hair.co,18f32cf21449273d,1975/04/01,+1 (876) 13341232812,"Harbour View #231, St. James, 87139, Jamaica"
Andre,Campbell,Andre.Campbell_947@loyalty.kkhair.com,99e3e9c8fe21da80,2006/08/09,296-7175-6,"Palm Grove #138, Micoud, LC10 201, St. Lucia"
D’Andre,Morris,DANDRE.MORRIS@KANDK-HAIR.CO,eb9d8e96cf37cb__,1990/07/05,+ 3942104  ,"Coral Ridge #26, Micoud, LC12 301, St. Lucia"
Keisha,Núñez,Keisha.Nez.898@loyalty.kkhair.com,7cb2c083eb8cb3__,1984/06/05,+1 (876) 471138,"Hibiscus Lane #33, Clarendon, 49608, Jamaica"
Kirsten,Ramdeen,Kirsten.Ramdeen-631@mail.kkhair.net,63e2601a7462667a,1955/04/03,053-9502,"Independence Ave #67, St. Paul Charlestown, KN0302, St. Kitts & Nevis"
Zoë,Forde,Zo.Forde.227@kkhairemporium.com,ac9ed336de7daecd,1983/01/15,(615) 280,"Seaview Terrace #131, St. James, 30006, Barbados"
Kareem,O'Connor,Kareem.OConnor-203@kandk-hair.co,2fe981b29ee11b92,1963/02/06,+ 97820715  ,"Market Street #197, Soufrière, 1672, St. Lucia"
Marlon,Grant,MARLON.GRANT@kkhairemporium.com,0cf1cb80b2b73a41,1985/05/16,+ 430305  ,"Independence Ave #238, Dennery, LC10 201, St. Lucia"
Latoya Lewis De la,Cruz,Latoya.Cruz@loyalty.kkhair.com,59a32a99ed5ebe1b,1994/01/08,+1 (869) 297021,"Bamboo Crescent #30, St. George Basseterre, KN0503, St. Kitts & Nevis"
Kofi,Williams,Kofi.Williams@kandk-hair.co,69f6342e5e2ab299,1970/08/14,+1 (246) 89578291,"Market Street #115, St. Michael, BB17001, Barbados"
Kofi,Williams,KOFI.WILLIAMS@mail.kkhair.net,a65fef9f02ce76%^,1997/03/21,060-9835-8,"Palm Grove #56, Soufrière, LC12 301, St. Lucia"
Devon,Morris,Devon.Morris-837@kkhairemporium.com,f19d54dbcecc24b3,2003/03/14,63375243106,"Independence Ave #115, Port of Spain, 12979, Trinidad & Tobago"
Chloë,Morris,Chlo.Morris@kkhairemporium.com,ff00d00890d53347,2002/03/25,341016668700,"Queen's Road #137, St. John Figtree, KN0503, St. Kitts & Nevis"
Devon,Jean-Baptiste,Devon.Jean-Baptiste@mail.kkhair.net,7cac42b13d72aca0,1995/06/03,+1 (758) 943114,"Queen's Road #284, Soufrière, LC10 201, St. Lucia"
Jamal Forde,Brathwaite,JAMAL.BRATHWAITE-460@MAIL.KKHAIR.NET,425d8d9f2b87f6e3,1955/08/10,593-7526-5,"Queen's Road #195, Vieux Fort, LC12 301, St. Lucia"
Sade,Alleyne,Sade.Alleyne@kandk-hair.co,fcd1b237b51cad30,1974/12/01,+ 9825071461125457  ,"Market Street #286, Manchester, 38971, Jamaica"
Jermaine,O'Connor,JERMAINE.OCONNOR@kkhairemporium.com,e7c55dc06edc0668,1960/08/12,+1 (246) 78596969,"Bamboo Crescent #275, Christ Church, BB23026, Barbados"
Anaïs De la,Cruz,ANAS.CRUZ_321@KKHAIREMPORIUM.COM,55f945ae1b0f46cf,1999/02/11,(384) 27978,"Cedar Park #228, St. James, 06, Jamaica"
Latoya,Alleyne,Latoya.Alleyne@kkhairemporium.com,08611c9ddc248292,1973/03/25,+1 (876) 303161799042,"Independence Ave #275, St. Catherine, 13, Jamaica"
Rohan,Núñez,Rohan.Nez.632@kandk-hair.co,bac850a7081fb753,1976/08/20,(559) 05992937,"Cedar Park #29, Gros Islet, LC12 301, St. Lucia"
Jermaine,Clarke,Jermaine.Clarke@KKHAIREMPORIUM.COM,190a832a5c522af0,1969/10/20,+1 (758) 884443106987,"Harbour View #81, Castries, LC12 301, St. Lucia"
Noël,Dottin,NOL.DOTTIN_616@kkhairemporium.com,c30b993f2a8a8896,1976/07/23,466-6099-3,"Bamboo Crescent #207, St. Philip, BB17001, Barbados"
Renée,Joseph,Rene.Joseph@kkhairemporium.com,1f6fa70023f42238,1995/12/23,561-1002-2,"Coconut Walk #136, St. Thomas, BB14000, Barbados"
Zoë,Morris,Zo.Morris@kandk-hair.co,a9e44d9a6669b45a,1986/08/08,+ 620034  ,"Coral Ridge #293, St. John Figtree, KN0503, St. Kitts & Nevis"
Keisha,Holder,Keisha.Holder@kandk-hair.co,90bef196a2350266,1993/01/21,+ 5011024819  ,"Hibiscus Lane #276, Couva-Tabaquite-Talparo, TT2181, Trinidad & Tobago"
Kirsten Brathwaite St.,Clair,Kirsten.Clair.600@KKHAIREMPORIUM.COM,49b04310c296b6d4,1974/10/22,+1 (868) 14139755,"Coconut Walk #100, Port of Spain, TT1891, Trinidad & Tobago"
José,Joseph,Jos.Joseph@loyalty.kkhair.com,c6adb34d88db8c6d,2005/01/08,+ 6213721386589026  ,"Queen's Road #287, St. George, BB23026, Barbados"
Rashida,Jean-Baptiste,Rashida.Jean-Baptiste-488@kkhairemporium.com,9bafe2c9e45adc22,1975/06/23,+1 (758) 987622023413,"Seaview Terrace #150, Dennery, 5382, St. Lucia"
Khadija De la,Cruz,KHADIJA.CRUZ@loyalty.kkhair.com,c701f4b275f2a11b,2003/02/13,652407,"Independence Ave #250, Christ Church, BB23026, Barbados"
Kareem,Charles,Kareem.Charles@kkhairemporium.com,7c6675d3bed355ca,2002/11/24,(593) 9836845776004,"Mango Tree Drive #181, St. James, BB23026, Barbados"
Shanice,Grant,Shanice.Grant@loyalty.kkhair.com,af5f391c21abdd37,1956/01/10,(832) 06799,"Seaview Terrace #196, Castries, LC04 101, St. Lucia"
Tyrone,Williams,TYRONE.WILLIAMS@loyalty.kkhair.com,8da23ddbb6ab095b,1994/09/03,039-2405-14770,"Mango Tree Drive #23, San Fernando, 00000, Trinidad & Tobago"
Rashida,Baptiste,Rashida.Baptiste@mail.kkhair.net,02c8b309c7c3af25,1996/02/02,+ 205554384046  ,"Sugar Cane Way #12, Castries, LC12 301, St. Lucia"
Sade St.,Clair,SADE.CLAIR@kkhairemporium.com,45451d99e95346%^,1999/09/26,990384,"Palm Grove #253, Gros Islet, 4553, St. Lucia"
Chloë Holder,Hernández,CHLO.HERNNDEZ@kkhairemporium.com,c2d29f438ad66132,1980/10/06,77293430107,"Cedar Park #163, St. James, BB23026, Barbados"
Kirsten ,Best-Holder,Kirsten.Best-Holder@LOYALTY.KKHAIR.COM,aff14f4eaed19a06,1984/10/04,829-9629-14504,"Bay Street #182, St. George Basseterre, KN0503, St. Kitts & Nevis"
Anaïs,Grant,Anas.Grant@kandk-hair.co,9a43461ec30912ae,1964/04/01,+1 (868) 4485714,"Seaview Terrace #160, Port of Spain, TT6114, Trinidad & Tobago"
Khadija,Johnson,Khadija.Johnson.824@loyalty.kkhair.com,dc5eb9a62e42e3e9,1996/10/02,(577) 0171577245992,"Hibiscus Lane #74, St. Paul Charlestown, KN0503, St. Kitts & Nevis"
Anaïs,Forde-Williams,ANAS.FORDE-WILLIAMS@LOYALTY.KKHAIR.COM,53589e2e8da85281,1984/11/04,7128639,"Coconut Walk #136, Christ Church, BB14000, Barbados"
Chloë,Grant,CHLO.GRANT@KKHAIREMPORIUM.COM,7214f0f17405193e,1960/09/26,+ 6519825309251142  ,"Sunset Blvd #59, St. John Figtree, KN0101, St. Kitts & Nevis"
Jermaine,Campbell,Jermaine.Campbell@MAIL.KKHAIR.NET,d7515f29bd07633b,2003/06/03,2200543645,"Mango Tree Drive #107, St. Catherine, 02, Jamaica"
Keisha ,Clarke,Keisha.Clarke.526@kkhairemporium.com,65b0248bb5723066,1970/05/30,+1 (246) 92712566,"Market Street #3, St. Philip, BB17001, Barbados"
Anaïs,Forde,ANAS.FORDE@loyalty.kkhair.com,f8a01d3ceacee115,1982/03/10,+ 1978897782806479  ,"Independence Ave #252, St. Thomas, BB23026, Barbados"
Andre,Clarke,Andre.Clarke@kkhairemporium.com,293a50a1edd80f0a,1990/01/06,+ 9456371  ,"Sunset Blvd #251, Castries, LC12 301, St. Lucia"
Kirsten van der,Kringle,Kirsten.Kringle-675@KANDK-HAIR.CO,38f273aac7d64356,1994/06/05,+ 3425754090  ,"Cedar Park #29, Diego Martin, TT7139, Trinidad & Tobago"
Tanesha,Charles,Tanesha.Charles@kkhairemporium.com,d182ffdad3582bda,1957/06/15,(459) 112382965,"Seaview Terrace #95, Clarendon, 15, Jamaica"
Anaïs,Brathwaite,ANAS.BRATHWAITE-968@KANDK-HAIR.CO,def376689fc4d669,1971/12/28,+ 5971072  ,"Harbour View #75, St. George Basseterre, KN0503, St. Kitts & Nevis"
Mikaël,Núñez,Mikal.Nez@mail.kkhair.net,605d27f3a093cb3a,1962/04/10,+ 09759230  ,"Sugar Cane Way #246, St. Thomas, BB23026, Barbados"
Rohan,Forde,Rohan.Forde_925@kandk-hair.co,f91fcff710da28df,1986/02/09,+ 8395972  ,"Harbour View #11, St. Peter Basseterre, KN0302, St. Kitts & Nevis"
D’Andre,Baptiste,DAndre.Baptiste@KKHAIREMPORIUM.COM,0b8b5512ad3737f8,1986/11/14,7119918081213524,"Bamboo Crescent #286, Vieux Fort, LC04 101, St. Lucia"
Tyrone van der,Kringle,Tyrone.Kringle@MAIL.KKHAIR.NET,74dddeb0e4022aac,1969/09/28,6845504892,"Harbour View #19, St. Philip, BB17001, Barbados"
Aaliyah,Lewis,Aaliyah.Lewis@kkhairemporium.com,a8c31677fc381aZZ,1991/07/23,(967) 18325,"Bay Street #10, St. Catherine, 18, Jamaica"
Andre,Lewis,ANDRE.LEWIS@loyalty.kkhair.com,230fd0a873f7a1a7,1994/05/05,+1 (876) 1207049611080466,"Seaview Terrace #229, Manchester, 04, Jamaica"
Shanice,Greenidge,Shanice.Greenidge@loyalty.kkhair.com,2648bdfe5741149d,1987/02/04,+ 50892038  ,"Bay Street #278, St. Peter Basseterre, 3415, St. Kitts & Nevis"
Sade,Núñez,Sade.Nez@kandk-hair.co,4a7184f62f25cbfe,1988/07/17,337-3634,"Mango Tree Drive #254, St. Thomas, 45171, Barbados"
D’Andre,Forde,DAndre.Forde@kandk-hair.co,ba7ddc9a0144acc6,1960/09/18,+1 (758) 1820970,"Hibiscus Lane #244, Castries, 6387, St. Lucia"
Rohan,Campbell,ROHAN.CAMPBELL@kkhairemporium.com,f596e8604e2c7afe,1958/07/04,+1 (758) 2967629,"Coconut Walk #234, Vieux Fort, 5873, St. Lucia"
Tanesha,Hernández,Tanesha.Hernndez@kandk-hair.co,ecac6c10834aefe2,1976/09/26,4186210,"Mango Tree Drive #72, St. James, 09, Jamaica"
José,Morris,Jos.Morris.831@kkhairemporium.com,620d00a6273551d3,1983/12/13,(520) 65063,"Hibiscus Lane #107, Manchester, 13, Jamaica"
Kareem Morris,Campbell,Kareem.Campbell@KANDK-HAIR.CO,7070397d7214bf96,1973/05/03,+ 64035533803  ,"Hibiscus Lane #228, St. Thomas Lowland, KN0503, St. Kitts & Nevis"
Rohan,Williams,Rohan.Williams@loyalty.kkhair.com,bfb1cd77f1b048e4,2006/11/20,(918) 362644886,"Cedar Park #83, Port of Spain, TT2512, Trinidad & Tobago"
Jamal van der,Kringle,Jamal.Kringle@kandk-hair.co,55b546f53e656156,1991/09/04,+1 (246) 1415093771,"Bay Street #56, St. Peter, BB17001, Barbados"
Dwayne,García,Dwayne.Garca-978@kkhairemporium.com,878f34f2a72accd7,1965/05/18,(569) 0409,"Sunset Blvd #46, St. James, BB17001, Barbados"
Jermaine van der,Kringle,JERMAINE.KRINGLE@kandk-hair.co,f513ad4c7137cf95,1988/09/04,+1 (758) 01111783,"Bamboo Crescent #46, Soufrière, LC12 301, St. Lucia"
D’Andre,Ramdeen,DANDRE.RAMDEEN@KANDK-HAIR.CO,a31465281239b5d0,1959/02/21,+1 (246) 585988310303,"Market Street #151, St. Philip, 80005, Barbados"
Rohan,Ramdeen,Rohan.Ramdeen-267@mail.kkhair.net,4adc072833d2a2ba,1968/02/16,+1 (869) 1284971859484910,"Hibiscus Lane #141, St. George Basseterre, 2604, St. Kitts & Nevis"
Rashida,Singh,Rashida.Singh@KANDK-HAIR.CO,29da222725129f0d,1967/03/29,+1 (869) 685389097283,"Market Street #273, St. George Basseterre, KN0101, St. Kitts & Nevis"
Andre,Best,Andre.Best@kandk-hair.co,c691ef1b0ea9b30b,1971/09/14,170-2437-654,"Palm Grove #52, Soufrière, LC10 201, St. Lucia"
Kareem ,Brathwaite,Kareem.Brathwaite@kandk-hair.co,66e32a9f64146d8b,1995/03/27,+ 42409036788  ,"Sunset Blvd #224, Port of Spain, TT7864, Trinidad & Tobago"
Rashida,Dottin,Rashida.Dottin.224@kkhairemporium.com,1484817630bba284,1981/06/16,+1 (868) 649837354396,"Palm Grove #6, Chaguanas, 00000, Trinidad & Tobago"
Kirsten,O'Connor,Kirsten.OConnor-362@loyalty.kkhair.com,d727b060bf431bb4,1967/12/07,260650,"Market Street #216, St. Peter Basseterre, KN0302, St. Kitts & Nevis"
Shanice,Williams,SHANICE.WILLIAMS@mail.kkhair.net,11550cde897d582c,1966/03/24,+1 (876) 66205634,"Harbour View #29, St. Andrew, 13, Jamaica"
Shanice,Campbell,SHANICE.CAMPBELL@loyalty.kkhair.com,290b9c6acb43ad%^,1997/10/15,133-2288-98572,"Cedar Park #20, Vieux Fort, LC10 201, St. Lucia"
Andre,Hernández,Andre.Hernndez@kkhairemporium.com,bb225e8f8e43f1b9,1966/07/28,+ 03802146296  ,"Market Street #161, Chaguanas, TT7769, Trinidad & Tobago"
José,Best,Jos.Best.204@kkhairemporium.com,d80e4e3166d5c6b6,2006/10/01,655-8685-127,"Queen's Road #187, Kingston, 10, Jamaica"
Kirsten,Alleyne,Kirsten.Alleyne@kkhairemporium.com,e19d67ec36f3be%^,1975/02/02,025-895,"Coconut Walk #136, St. Thomas Lowland, KN0302, St. Kitts & Nevis"
Kofi van der,Kringle,Kofi.Kringle@mail.kkhair.net,5a6220d0402c04eb,1974/11/23,+1 (876) 091179112442,"Market Street #126, Clarendon, 13, Jamaica"
Tia,Johnson,TIA.JOHNSON@kkhairemporium.com,058360046b360a47,1966/05/10,+ 8634234619  ,"Mango Tree Drive #103, Kingston, 82285, Jamaica"
Kirsten,Hernández,Kirsten.Hernndez@kkhairemporium.com,d5b726bb4a30a0a6,1983/11/06,+1 (868) 919665533077,"Market Street #34, Diego Martin, TT4476, Trinidad & Tobago"
Sade,Jean-Baptiste,Sade.Jean-Baptiste@mail.kkhair.net,2b7622f1606ec6f3,2002/05/03,+1 (876) 5679836,"Queen's Road #160, Clarendon, 15, Jamaica"
Noël,Ramdeen,NOL.RAMDEEN@kandk-hair.co,cda1e8b31cd696c5,2002/07/05,+1 (758) 094318,"Market Street #222, Castries, LC10 201, St. Lucia"
Tia,Alleyne,TIA.ALLEYNE@kandk-hair.co,55ae40fda058250b,1955/02/02,822-1145-7758,"Hibiscus Lane #242, Port of Spain, TT1284, Trinidad & Tobago"
Anaïs,Holder,ANAS.HOLDER@mail.kkhair.net,db626c38e58bacd8,1958/09/08,10727284,"Sugar Cane Way #176, St. Peter, BB14000, Barbados"
José,Brathwaite,Jos.Brathwaite@mail.kkhair.net,b491c4c0ee12183a,1981/01/25,28723244079,"Sugar Cane Way #170, Port of Spain, TT9369, Trinidad & Tobago"
Tia Joseph De la,Cruz,Tia.Cruz@kandk-hair.co,bc2105733ffa7735,1989/06/16,(590) 2517629,"Harbour View #33, St. George Basseterre, KN0101, St. Kitts & Nevis"
Marlon,Thompson,Marlon.Thompson@kkhairemporium.com,2a5f66fbb42edc22,2001/05/28,+1 (758) 4651241893898469,"Sunset Blvd #256, Gros Islet, LC12 301, St. Lucia"
Chloë Clarke,Greenidge,Chlo.Greenidge.837@loyalty.kkhair.com,2f48131f7bdf97ZZ,2002/12/04,682-1719-553,"Harbour View #10, Micoud, LC04 101, St. Lucia"
Shanice,Campbell,Shanice.Campbell@KKHAIREMPORIUM.COM,794cf32286fb7e9b,1981/04/04,974-1328-34831,"Hibiscus Lane #270, St. Thomas Lowland, KN0101, St. Kitts & Nevis"
Chloë,Dottin,Chlo.Dottin-603@mail.kkhair.net,76c5d191b0a860ad,1960/02/15,+1 (868) 6732044,"Market Street #199, Couva-Tabaquite-Talparo, TT5709, Trinidad & Tobago"
Marlon,Thompson,Marlon.Thompson@MAIL.KKHAIR.NET,4036ab6c14c227d3,2002/05/07,(943) 5353751376515,"Coral Ridge #242, St. Philip, 78740, Barbados"
Kofi,Campbell,Kofi.Campbell@kandk-hair.co,65e053d8f341d052,2002/06/27,+ 559991  ,"Bay Street #217, Chaguanas, TT7591, Trinidad & Tobago"
Jermaine,Núñez,Jermaine.Nez@mail.kkhair.net,d9aca5416d8a3b95,1979/07/27,+ 1388209  ,"Hibiscus Lane #87, Vieux Fort, LC04 101, St. Lucia"
Kareem,Thompson,Kareem.Thompson@kandk-hair.co,83b272a5a8e2a1d3,2001/10/07,+1 (246) 2963347,"Cedar Park #286, St. Philip, BB14000, Barbados"
Jéssica,Charles,Jssica.Charles@loyalty.kkhair.com,f4dc093d98ab5496,1988/04/22,+ 562271  ,"Coconut Walk #242, St. James, 07, Jamaica"
José,Johnson,JOS.JOHNSON@kandk-hair.co,c86243685834ca8f,1955/03/29,102-8767-5,"Hibiscus Lane #47, St. Ann, 20, Jamaica"
Mikaël St.,Clair,MIKAL.CLAIR-855@kkhairemporium.com,a5b0cd1264825e18,2000/05/07,19711121259,"Seaview Terrace #2, St. Thomas Lowland, KN0503, St. Kitts & Nevis"
Rohan van der,Kringle,Rohan.Kringle@kandk-hair.co,6598e82fbbbe51c4,1973/11/24,+1 (246) 834374,"Harbour View #178, St. Philip, BB23026, Barbados"
Zoë,Best,Zo.Best@mail.kkhair.net,75f6a49206ee7e75,1999/11/17,068761648198,"Bamboo Crescent #170, St. Peter Basseterre, 5011, St. Kitts & Nevis"
Dwayne,Williams,Dwayne.Williams@mail.kkhair.net,c02a79674836bfe0,2002/01/08,+1 (869) 14888107983,"Sugar Cane Way #104, St. Thomas Lowland, 1538, St. Kitts & Nevis"
Marlon St.,Clair,MARLON.CLAIR@loyalty.kkhair.com,fe31a26f3e2f636f,1955/11/11,469-472,"Cedar Park #58, Clarendon, 15, Jamaica"
Tanesha,Jean-Baptiste,TANESHA.JEAN-BAPTISTE@mail.kkhair.net,d93ea5637699af39,1973/11/12,+ 87964347  ,"Independence Ave #166, Gros Islet, 4144, St. Lucia"
Zoë,Holder,ZO.HOLDER@mail.kkhair.net,6689b0adca66e832,1984/03/14,105-485,"Sugar Cane Way #241, Castries, 7390, St. Lucia"
Sade,Dottin,Sade.Dottin@kandk-hair.co,65ae7eba688043dd,1998/08/19,858-749,"Cedar Park #271, St. Michael, BB23026, Barbados"
Rashida,Dottin,Rashida.Dottin@mail.kkhair.net,aed0c90c007ad487,1984/04/20,2342108,"Seaview Terrace #103, St. Peter, BB23026, Barbados"
Keisha,Brathwaite,Keisha.Brathwaite@kandk-hair.co,6c1eec66c3253563,1987/02/25,+ 81700666  ,"Queen's Road #213, Gros Islet, LC04 101, St. Lucia"
Kirsten,Jean-Baptiste,Kirsten.Jean-Baptiste@MAIL.KKHAIR.NET,1169bd5d5545b350,1982/06/17,+1 (246) 0260869822,"Queen's Road #136, St. George, BB14000, Barbados"
Keisha,Johnson,KEISHA.JOHNSON@mail.kkhair.net,b3ff64744723c937,1971/07/25,+ 65290603  ,"Coconut Walk #169, Couva-Tabaquite-Talparo, TT9518, Trinidad & Tobago"
Aaliyah,Brathwaite-Thompson,Aaliyah.Brathwaite-Thompson@kandk-hair.co,c392a7e17480f777,1994/07/04,+ 8893628969  ,"Hibiscus Lane #75, Kingston, 10, Jamaica"
Jamal,Jean-Baptiste,Jamal.Jean-Baptiste@mail.kkhair.net,f3afc9f9116295a1,1959/03/27,+1 (869) 50317235137,"Harbour View #97, St. Thomas Lowland, KN0101, St. Kitts & Nevis"
Latoya,Baptiste,LATOYA.BAPTISTE.826@kkhairemporium.com,be61cc492756aeZZ,2002/06/02,8809255021,"Independence Ave #74, St. George, BB14000, Barbados"
Anaïs,Alleyne,ANAS.ALLEYNE@kkhairemporium.com,b7495c85b0d941ed,2003/07/31,7776755562,"Harbour View #65, St. Peter, BB23026, Barbados"
Devon,Thompson,Devon.Thompson@mail.kkhair.net,a5cd5e06c584c64d,1977/01/16,+ 000515  ,"Independence Ave #250, St. Catherine, 20, Jamaica"
Dwayne,García-Singh,Dwayne.Garca-Singh@KANDK-HAIR.CO,cfcf50be5e0fbaZZ,1981/12/03,+ 97099625  ,"Bay Street #77, Kingston, 93128, Jamaica"
Noël,Núñez,Nol.Nez@mail.kkhair.net,20d7612ca6f6f5f9,1960/06/30,(113) 253269496,"Market Street #4, Castries, LC10 201, St. Lucia"
Sade,Joseph,Sade.Joseph@mail.kkhair.net,0abf48afa6639169,1988/09/25,615727,"Cedar Park #6, St. James, BB17001, Barbados"
Jamal,Núñez,Jamal.Nez@kandk-hair.co,c0dac5a19a114f22,1964/03/04,17680866,"Sugar Cane Way #121, Castries, LC12 301, St. Lucia"
Jamal,Dottin,JAMAL.DOTTIN@kkhairemporium.com,cc09f0d216167f0b,1988/01/10,858-6239-4,"Cedar Park #85, St. James, 07, Jamaica"
Chloë,Grant,CHLO.GRANT@MAIL.KKHAIR.NET,9065a6fcaec5ff97,1964/08/15,+1 (246) 6921053365,"Cedar Park #16, St. George, BB14000, Barbados"
Mikaël,Johnson,MIKAL.JOHNSON@kandk-hair.co,880f2462cc01fded,1956/03/10,+1 (246) 4043370096873045,"Palm Grove #33, St. Peter, BB23026, Barbados"
Aaliyah,Holder,Aaliyah.Holder.655@loyalty.kkhair.com,4abee51a4a546c2d,1999/12/25,357-1558-68639,"Market Street #54, St. Paul Charlestown, KN0503, St. Kitts & Nevis"
Chloë van der,Kringle,Chlo.Kringle_915@kkhairemporium.com,65228e3dbc09acb6,1997/12/03,+ 76816995  ,"Coral Ridge #22, Clarendon, 14131, Jamaica"
Latoya,Dottin,Latoya.Dottin.851@kkhairemporium.com,40e25e8c183f5e__,1984/09/24,+1 (246) 626042,"Seaview Terrace #80, St. Peter, BB17001, Barbados"
Jamal,Browne,Jamal.Browne@mail.kkhair.net,8bfc74305256eb__,1971/08/23,605-0801-84980,"Sunset Blvd #287, St. Michael, BB17001, Barbados"
Zoë,Greenidge,Zo.Greenidge@loyalty.kkhair.com,72521828e494d857,1969/12/13,303-9111,"Hibiscus Lane #48, Arima, 16834, Trinidad & Tobago"
Rashida,Dottin,Rashida.Dottin_334@kandk-hair.co,447b8e7e537512%^,2002/06/13,+1 (868) 9964862872031954,"Seaview Terrace #203, Arima, TT7617, Trinidad & Tobago"
Sade,Browne,SADE.BROWNE_816@kkhairemporium.com,bb2159a3121065cf,1981/02/22,817-9340,"Market Street #37, St. Ann, 20, Jamaica"
Jamal,Singh,Jamal.Singh@mail.kkhair.net,d2b2f99d009a5243,1963/07/16,+ 0448818  ,"Bamboo Crescent #171, Vieux Fort, LC10 201, St. Lucia"
Rohan,Best,Rohan.Best_485@kkhairemporium.com,407fc7438b8389ZZ,1976/08/22,(058) 6950,"Coconut Walk #126, Dennery, LC10 201, St. Lucia"
Khadija,Ramdeen,KHADIJA.RAMDEEN@kkhairemporium.com,1c9c5bb915c7ba59,1957/02/01,315-3888-245279050,"Mango Tree Drive #194, St. Catherine, 46672, Jamaica"
Rohan,Núñez,Rohan.Nez.264@LOYALTY.KKHAIR.COM,6726f64ca71d122f,1984/05/17,0091561829803657,"Sunset Blvd #237, Manchester, 14, Jamaica"
Jamal,O'Connor,Jamal.OConnor@mail.kkhair.net,77cfa04d6556427e,1985/04/18,+1 (869) 050537666081,"Sunset Blvd #131, St. George Basseterre, KN0302, St. Kitts & Nevis"
Jamal  De  la ,Cruz,Jamal.Cruz@loyalty.kkhair.com,5cdc9e294bc74a__,1982/10/10,+ 2669806908726176  ,"Bamboo Crescent #100, Christ Church, BB14000, Barbados"
Jamal ,Greenidge,Jamal.Greenidge@KANDK-HAIR.CO,fbc366e299815a14,1981/05/18,+1 (868) 416781277822,"Cedar Park #49, Diego Martin, 00000, Trinidad & Tobago"
Tia,Charles,Tia.Charles@KANDK-HAIR.CO,ae103585ab885cec,1986/09/02,+1 (868) 6338915624152857,"Coral Ridge #151, San Fernando, TT5040, Trinidad & Tobago"
Tia,Ramdeen,TIA.RAMDEEN@loyalty.kkhair.com,9323ff516a7812b6,1962/11/30,936-7813-6,"Mango Tree Drive #56, St. Catherine, 11, Jamaica"
Noël,Williams,NOL.WILLIAMS@kkhairemporium.com,bc54add1adee8954,1985/04/24,+ 8249116  ,"Sugar Cane Way #144, Micoud, 6562, St. Lucia"
Mikaël Morris,García,Mikal.Garca@KKHAIREMPORIUM.COM,16d53999ccf4f7de,1994/07/27,43183281,"Coconut Walk #212, Christ Church, BB17001, Barbados"
Kofi,Williams,Kofi.Williams@KKHAIREMPORIUM.COM,eb05fc2e55bfea8b,1978/10/31,76831608271,"Harbour View #80, St. Ann, 14285, Jamaica"
Rohan,Greenidge,Rohan.Greenidge@kandk-hair.co,7475ab76a98d3fef,1990/04/07,+1 (876) 7997029,"Palm Grove #293, St. Catherine, 43278, Jamaica"
Aaliyah,Dottin,Aaliyah.Dottin@kkhairemporium.com,53ede413233cc3__,1957/11/11,+1 (869) 493665,"Sugar Cane Way #176, St. Paul Charlestown, KN0302, St. Kitts & Nevis"
Jéssica,Joseph,Jssica.Joseph-24@MAIL.KKHAIR.NET,bc206b4f037e3486,1987/03/18,+1 (758) 202706,"Market Street #188, Soufrière, LC10 201, St. Lucia"
Andre ,Charles-Johnson,Andre.Charles-Johnson.812@MAIL.KKHAIR.NET,403a1e261de371e7,1959/04/16,130-0962,"Coconut Walk #185, St. George, 46116, Barbados"
Renée De la,Cruz,RENE.CRUZ@kkhairemporium.com,9453eb7ebe051081,1983/09/23,+ 128794  ,"Sunset Blvd #93, St. Ann, 07, Jamaica"
Jermaine,O'Connor,Jermaine.OConnor@MAIL.KKHAIR.NET,d1f75f97acb3ec59,1992/10/29,(784) 21702,"Coconut Walk #193, St. James, 42591, Jamaica"
Devon,Dottin,Devon.Dottin@kkhairemporium.com,8cf4e2d02292637b,1969/08/24,605-2304-58816,"Cedar Park #105, Dennery, LC04 101, St. Lucia"
Jéssica,Grant,Jssica.Grant@kkhairemporium.com,10ce4382e8d37a5c,1978/10/11,869-4155-9,"Coral Ridge #276, Micoud, 5079, St. Lucia"
Rashida,Hernández-Greenidge,Rashida.Hernndez-Greenidge@kkhairemporium.com,ab710d5535495edf,1997/07/09,+ 4115848  ,"Independence Ave #162, Micoud, 2103, St. Lucia"
Shanice,Johnson,SHANICE.JOHNSON@KANDK-HAIR.CO,7fa7dbc1eb5b8594,2005/01/05,+ 644547523112  ,"Hibiscus Lane #258, St. Thomas Lowland, KN0503, St. Kitts & Nevis"
Tyrone,Lewis,TYRONE.LEWIS-182@kandk-hair.co,bf1ad4044bf0012c,1985/09/12,+1 (869) 28954001788,"Palm Grove #236, St. Peter Basseterre, KN0302, St. Kitts & Nevis"
Tyrone,Best-Ramdeen,Tyrone.Best-Ramdeen@kkhairemporium.com,32a5d21b7e14611e,1993/08/05,(948) 54329876,"Seaview Terrace #8, St. Michael, BB23026, Barbados"
Keisha,Morris-Joseph,Keisha.Morris-Joseph@mail.kkhair.net,b700cfec5aa065b0,1974/01/24,902-9233,"Queen's Road #131, San Fernando, 61270, Trinidad & Tobago"
Devon,Morris,Devon.Morris_6@mail.kkhair.net,aeaea525d95c177d,1971/01/28,+1 (246) 77092071,"Bay Street #73, St. Thomas, BB23026, Barbados"
Shanice,Browne,SHANICE.BROWNE@kandk-hair.co,aef53c11a7f62c4f,2000/09/02,(002) 8394,"Bay Street #160, St. George Basseterre, KN0302, St. Kitts & Nevis"
Kofi,Charles,Kofi.Charles@kkhairemporium.com,08782cc54263df01,2004/12/26,+ 621986550494  ,"Cedar Park #214, St. Peter, 61544, Barbados"
Kirsten,Alleyne,Kirsten.Alleyne_582@mail.kkhair.net,aa8431f3d4792c87,1985/05/25,+1 (868) 83334303,"Bay Street #69, Couva-Tabaquite-Talparo, 00000, Trinidad & Tobago"
Tia,Clarke,Tia.Clarke@mail.kkhair.net,f8ccc2d68425a9b0,1955/09/17,+ 59664721  ,"Bay Street #157, Arima, 00000, Trinidad & Tobago"
Tyrone,Campbell,TYRONE.CAMPBELL@mail.kkhair.net,9a961ed7e73003fb,1967/09/30,235-4268-7,"Sunset Blvd #189, Dennery, 9994, St. Lucia"
Jermaine,Ramdeen,Jermaine.Ramdeen@kandk-hair.co,7f61c8d5ee23b4c7,1959/06/12,+ 27636431594  ,"Coral Ridge #239, St. George Basseterre, KN0503, St. Kitts & Nevis"
Kirsten De la,Cruz,Kirsten.Cruz@loyalty.kkhair.com,8d805471ad4f6837,1955/09/19,+1 (758) 7075485346557922,"Bamboo Crescent #293, Soufrière, LC04 101, St. Lucia"
Kirsten,Jean-Baptiste,Kirsten.Jean-Baptiste@KKHAIREMPORIUM.COM,af0d2628b968acc7,1974/12/28,+1 (869) 2033474,"Market Street #190, St. George Basseterre, KN0503, St. Kitts & Nevis"
Kirsten Alleyne St.,Clair,KIRSTEN.CLAIR@kkhairemporium.com,254352b93b4ddfc9,1964/04/30,2006298778735856,"Sunset Blvd #272, St. James, BB14000, Barbados"
Rashida St.,Clair-Holder,Rashida.Clair-Holder@kandk-hair.co,fd2a3c5ce37d9302,2000/05/19,279-1875-0,"Hibiscus Lane #116, Clarendon, 20, Jamaica"
Keisha,Núñez,Keisha.Nez@kandk-hair.co,5595b4a3c3afb2ZZ,2002/06/20,+ 73535247  ,"Palm Grove #186, St. Catherine, 22156, Jamaica"
Jamal,Holder,Jamal.Holder@loyalty.kkhair.com,6d22675d1f52b5ff,1980/08/03,+ 465353780189  ,"Harbour View #95, Chaguanas, 99688, Trinidad & Tobago"
Dwayne,Lewis,Dwayne.Lewis@mail.kkhair.net,0131af707a532d99,1981/06/13,+1 (876) 8575958,"Sugar Cane Way #264, St. Ann, 48999, Jamaica"
Andre,Browne,Andre.Browne@kkhairemporium.com,c325606ad327f28a,1957/01/12,+ 52866933  ,"Coral Ridge #294, St. Peter Basseterre, 2726, St. Kitts & Nevis"
Zoë,Joseph,Zo.Joseph@kkhairemporium.com,4f94ab37d11a3319,1967/03/03,(662) 7135,"Sugar Cane Way #237, Gros Islet, LC04 101, St. Lucia"
Marlon,Pérez,MARLON.PREZ@mail.kkhair.net,33c97c147ff5e05d,1988/12/06,+ 610197  ,"Queen's Road #128, Vieux Fort, LC04 101, St. Lucia"
Rashida,Jean-Baptiste,Rashida.Jean-Baptiste@LOYALTY.KKHAIR.COM,8e37a60d1dfc8055,1979/12/17,+ 5872717430688116  ,"Market Street #233, Vieux Fort, LC12 301, St. Lucia"
Rohan,Grant,ROHAN.GRANT@mail.kkhair.net,003b6d054c4b85ZZ,1975/11/15,441007,"Coral Ridge #18, St. Philip, BB23026, Barbados"
Tanesha,Holder,TANESHA.HOLDER.495@loyalty.kkhair.com,d655b2f94590865d,2002/11/14,0702867,"Palm Grove #19, St. Andrew, 60144, Jamaica"
Jéssica,Morris-Holder,JSSICA.MORRIS-HOLDER@kandk-hair.co,00e6e261e55236c1,1997/05/26,+1 (876) 4617192817074436,"Seaview Terrace #200, St. James, 05, Jamaica"
Dwayne,Jean-Baptiste,DWAYNE.JEAN-BAPTISTE.407@kkhairemporium.com,4fd2e9048bbb3c14,2006/08/01,(498) 6478686237600,"Queen's Road #275, Micoud, LC10 201, St. Lucia"
Khadija,O'Connor,Khadija.OConnor.113@kkhairemporium.com,d8e1537da8d54052,1972/11/17,+1 (246) 3000088634673919,"Mango Tree Drive #76, St. Peter, BB23026, Barbados"
Keisha ,Johnson,Keisha.Johnson@kkhairemporium.com,a92df8c7110877d3,1976/12/01,458-2942-03401,"Sunset Blvd #50, St. Paul Charlestown, KN0503, St. Kitts & Nevis"
Kirsten,Clarke,Kirsten.Clarke@loyalty.kkhair.com,447e904c41b2f8a4,1987/03/01,+1 (868) 12918285,"Hibiscus Lane #211, Chaguanas, 30941, Trinidad & Tobago"
Zoë,O'Connor,Zo.OConnor@kandk-hair.co,0cdcbc4482ede89f,1962/03/23,+ 8489742235434046  ,"Coral Ridge #31, Couva-Tabaquite-Talparo, 00000, Trinidad & Tobago"
Keisha,Brathwaite,KEISHA.BRATHWAITE@loyalty.kkhair.com,24e70d797a9528d0,1991/05/08,+ 5434123016049860  ,"Bamboo Crescent #10, St. Catherine, 04, Jamaica"
Tia,Morris,Tia.Morris@kkhairemporium.com,3c4b1839eab0326e,1985/04/18,072-7903-7161,"Sugar Cane Way #62, St. George Basseterre, KN0302, St. Kitts & Nevis"
Anaïs,Williams,Anas.Williams@mail.kkhair.net,d30590bbe1058964,1990/06/17,57467067516,"Independence Ave #63, Diego Martin, 86687, Trinidad & Tobago"
José,O'Connor,Jos.OConnor_859@mail.kkhair.net,37499270093d20ZZ,1988/01/16,+ 339534811050  ,"Harbour View #244, Dennery, 6975, St. Lucia"
Jéssica,Williams,Jssica.Williams@kkhairemporium.com,bf3ab84c1e57c049,1994/01/14,(171) 07308,"Cedar Park #190, Vieux Fort, 7927, St. Lucia"
Rashida van der,Kringle,Rashida.Kringle@mail.kkhair.net,cc4e591edd840ec6,1961/01/24,+1 (868) 92386879,"Sugar Cane Way #106, Chaguanas, 37295, Trinidad & Tobago"
Anaïs,Greenidge,ANAS.GREENIDGE@mail.kkhair.net,3d065505d0385c8f,1960/06/07,+1 (246) 7050049,"Palm Grove #37, St. Thomas, BB14000, Barbados"
Tanesha,Núñez,TANESHA.NEZ@mail.kkhair.net,a3774e5f5253c7b1,2005/07/12,(272) 8453974995070,"Palm Grove #65, St. Ann, 65021, Jamaica"
Chloë,Campbell,CHLO.CAMPBELL@kkhairemporium.com,9b8520c5826ea345,1961/10/26,528-6461-209,"Sunset Blvd #247, St. Thomas Lowland, 4803, St. Kitts & Nevis"
José Holder,Singh,Jos.Singh@mail.kkhair.net,d9463cb8936e5efc,1997/10/04,+1 (869) 04617551887,"Bay Street #17, St. John Figtree, KN0503, St. Kitts & Nevis"
Khadija,Campbell,Khadija.Campbell@kkhairemporium.com,820eda6a1cf6d695,2000/03/10,22170486186,"Harbour View #13, St. Thomas Lowland, KN0101, St. Kitts & Nevis"
Kirsten,Baptiste,Kirsten.Baptiste@loyalty.kkhair.com,e13f14d91e16012e,1968/06/23,+1 (246) 0072889592741168,"Coral Ridge #213, St. George, BB23026, Barbados"
Noël,Johnson,Nol.Johnson_544@kandk-hair.co,6ac58af02509495b,1956/08/31,760-3967-0243,"Bay Street #80, San Fernando, 00000, Trinidad & Tobago"
Andre,Holder,Andre.Holder@kkhairemporium.com,ef7b8cd4647d1cce,2002/06/15,+1 (758) 0429862,"Coral Ridge #38, Gros Islet, LC12 301, St. Lucia"
Latoya De la,Cruz,Latoya.Cruz-508@KANDK-HAIR.CO,66e1695998e908__,2002/12/15,917-0851-732895145,"Independence Ave #116, St. Catherine, 10673, Jamaica"
Rashida,Pérez,Rashida.Prez@kkhairemporium.com,0709a9380745206c,1969/05/20,+1 (246) 407880265295,"Sugar Cane Way #21, Christ Church, BB23026, Barbados"
Tanesha,Holder,Tanesha.Holder@kkhairemporium.com,8dfcd4d57ac0b704,1961/08/11,+1 (868) 8605063066,"Coconut Walk #9, San Fernando, TT8965, Trinidad & Tobago"
Mikaël van der,Kringle,MIKAL.KRINGLE.602@kkhairemporium.com,08a56ebeb735c1%^,1986/04/18,+ 548944  ,"Mango Tree Drive #152, St. Thomas Lowland, KN0503, St. Kitts & Nevis"
José St.,Clair,Jos.Clair.882@MAIL.KKHAIR.NET,4147503802d67589,1981/08/21,(452) 60756,"Sunset Blvd #269, St. Andrew, 11191, Jamaica"
Shanice,Clarke,SHANICE.CLARKE@kandk-hair.co,1cc9f0e06b17c1aa,2000/03/01,+1 (246) 7406758,"Independence Ave #148, St. Michael, 14927, Barbados"
Sofía,Clarke,Sofa.Clarke@kandk-hair.co,28d1aa0964dd9644,1978/01/29,48534001276,"Sunset Blvd #67, St. George Basseterre, KN0101, St. Kitts & Nevis"
D’Andre,Campbell,DAndre.Campbell@kandk-hair.co,eef9debb392d8560,1966/08/02,332-6058,"Queen's Road #267, St. Peter, BB23026, Barbados"
Dwayne,Núñez,DWAYNE.NEZ_394@mail.kkhair.net,94cba9d0d474e47f,2000/02/02,654870847795,"Palm Grove #78, San Fernando, TT8725, Trinidad & Tobago"
Latoya,Brathwaite,Latoya.Brathwaite@kkhairemporium.com,68ed6040fc247c35,1957/07/01,(182) 0706690107923,"Queen's Road #46, Arima, 00000, Trinidad & Tobago"
Rashida,Singh,Rashida.Singh@mail.kkhair.net,6abe0fe73563aaa1,1983/07/22,444-0458-8311,"Bay Street #17, Chaguanas, TT2533, Trinidad & Tobago"
Jéssica,Williams,Jssica.Williams@kandk-hair.co,ee14798bd98df907,1992/12/21,(573) 78315975,"Harbour View #153, St. Peter, BB14000, Barbados"
Tia,Ramdeen,TIA.RAMDEEN@kkhairemporium.com,4c97604db0c536dc,1966/01/17,(634) 202223499,"Harbour View #213, St. Thomas, BB14000, Barbados"
Sade,Clarke,Sade.Clarke.214@loyalty.kkhair.com,728b8c2bf964b238,1996/02/02,954377,"Mango Tree Drive #163, St. Peter Basseterre, KN0302, St. Kitts & Nevis"
José,Joseph,Jos.Joseph@MAIL.KKHAIR.NET,530f2e31cad94ae1,2004/02/27,+1 (246) 42306002,"Palm Grove #74, St. Peter, BB17001, Barbados"
Chloë  St. ,Clair,CHLO.CLAIR@kandk-hair.co,a28a403cd76444%^,1975/10/28,(019) 011348433,"Coral Ridge #67, Gros Islet, LC04 101, St. Lucia"
Tanesha ,Núñez,Tanesha.Nez@KKHAIREMPORIUM.COM,21794368a98416a6,1960/07/04,+1 (246) 157117,"Coral Ridge #50, St. Thomas, BB14000, Barbados"
Sade,Browne,Sade.Browne_649@loyalty.kkhair.com,9710b3adebc6bb94,1971/07/12,+ 5046070014  ,"Sugar Cane Way #45, St. James, 61080, Jamaica"
Marlon,Holder,Marlon.Holder@kkhairemporium.com,bf1e704020939a79,1984/11/13,+ 7428021889306357  ,"Independence Ave #262, St. Peter, BB23026, Barbados"
Rashida,Ramdeen,Rashida.Ramdeen@mail.kkhair.net,90850dd19b4d0c21,1992/09/17,761-3681,"Hibiscus Lane #232, Chaguanas, 00000, Trinidad & Tobago"
Khadija,Lewis,Khadija.Lewis.870@mail.kkhair.net,182e493aa7c3aaae,1957/08/01,70333295,"Cedar Park #256, St. George, BB14000, Barbados"
Kofi,Campbell,Kofi.Campbell.23@kandk-hair.co,90e4709b6472cee2,1988/10/22,+1 (758) 5391177666505276,"Sugar Cane Way #148, Gros Islet, LC04 101, St. Lucia"
Keisha,García,Keisha.Garca@kkhairemporium.com,fd6a7446f3b424c9,1987/12/25,(000) 3753,"Bay Street #255, St. George Basseterre, KN0503, St. Kitts & Nevis"
Dwayne St.,Clair,DWAYNE.CLAIR@loyalty.kkhair.com,4edf57a0e6884243,1988/04/22,579-7251-8,"Independence Ave #76, St. Peter Basseterre, 5795, St. Kitts & Nevis"
Chloë,Singh,Chlo.Singh@kandk-hair.co,6d74d60324401984,1977/09/16,828967,"Cedar Park #279, St. Andrew, 37854, Jamaica"
Sofía,Alleyne,SOFA.ALLEYNE@KKHAIREMPORIUM.COM,fef3d3f3cbdbcced,1988/11/17,2426537,"Hibiscus Lane #100, St. Thomas Lowland, KN0101, St. Kitts & Nevis"
Keisha,Dottin,Keisha.Dottin@loyalty.kkhair.com,312c4d0014cb68ea,2004/11/28,+ 21496791463  ,"Hibiscus Lane #113, St. Thomas Lowland, KN0302, St. Kitts & Nevis"
Noël,Grant,Nol.Grant@kkhairemporium.com,85f4901140c129c0,1957/02/28,+1 (868) 033563693010,"Queen's Road #144, San Fernando, 00000, Trinidad & Tobago"
Devon,Campbell-Baptiste,DEVON.CAMPBELL-BAPTISTE@kkhairemporium.com,87edd27dc50244d2,2006/04/28,+ 1058330967397984  ,"Mango Tree Drive #132, St. John Figtree, KN0503, St. Kitts & Nevis"
Tyrone De la,Cruz,Tyrone.Cruz@loyalty.kkhair.com,c46d7db02c5ec555,1994/01/09,(522) 8989074,"Cedar Park #264, Castries, 4190, St. Lucia"
Chloë,Joseph,CHLO.JOSEPH_412@loyalty.kkhair.com,f60485cd48eb7f90,1984/04/21,+ 7406873544  ,"Bamboo Crescent #48, St. Peter, BB23026, Barbados"
Tanesha,Alleyne,Tanesha.Alleyne@mail.kkhair.net,f6dc9a740efbf097,1991/08/26,+1 (246) 58050450509,"Coral Ridge #288, Christ Church, BB23026, Barbados"
Andre,Greenidge,Andre.Greenidge@kandk-hair.co,b3b1409a05396a72,1996/08/17,+1 (246) 1112359,"Bamboo Crescent #120, St. Peter, 39333, Barbados"
Anaïs,Lewis,ANAS.LEWIS@LOYALTY.KKHAIR.COM,d127a32f9bba7e1d,1971/09/24,+1 (868) 2157562641260848,"Sunset Blvd #213, Diego Martin, 36187, Trinidad & Tobago"
Kofi Núñez,Ramdeen,Kofi.Ramdeen_946@loyalty.kkhair.com,68719b29414b7c__,1967/12/27,+ 5767299115490443  ,"Bamboo Crescent #122, St. George Basseterre, KN0503, St. Kitts & Nevis"
Marlon,Best,Marlon.Best_703@kandk-hair.co,653d421f74537c2a,1996/04/24,074-5991-530,"Mango Tree Drive #59, Castries, LC10 201, St. Lucia"
Shanice,Williams,Shanice.Williams@MAIL.KKHAIR.NET,1718068deb9247ZZ,2004/04/17,0184220138,"Mango Tree Drive #89, Kingston, 02, Jamaica"
Marlon,Johnson,Marlon.Johnson@MAIL.KKHAIR.NET,70087f7c72b5435f,1989/05/22,(118) 72282471,"Hibiscus Lane #144, St. George Basseterre, KN0503, St. Kitts & Nevis"
Jamal,Dottin,Jamal.Dottin@mail.kkhair.net,a811917f5b9ba7ad,1976/01/12,(225) 51741925,"Bay Street #281, St. Peter, BB17001, Barbados"
Anaïs,Baptiste,Anas.Baptiste.187@KANDK-HAIR.CO,fca1d9be48153ef6,1963/05/04,707-2173-402,"Market Street #33, Castries, LC10 201, St. Lucia"
D’Andre,Grant,DAndre.Grant@KANDK-HAIR.CO,86a0b5b8f07dd9a6,1963/08/16,(099) 542,"Mango Tree Drive #208, St. Catherine, 43897, Jamaica"
Zoë,O'Connor,Zo.OConnor@mail.kkhair.net,8e3acfbdda0a2d03,1981/03/30,(850) 45056693,"Bay Street #93, Gros Islet, LC10 201, St. Lucia"
Rohan,Lewis,Rohan.Lewis@mail.kkhair.net,2f1e73e98beed5d4,1990/03/16,44348529537,"Queen's Road #22, Arima, 90511, Trinidad & Tobago"
Jéssica,Pérez,Jssica.Prez@kkhairemporium.com,66111181dbcb4798,2002/02/17,326-6000,"Bamboo Crescent #171, St. Philip, 96143, Barbados"
Andre  Holder ,Núñez,Andre.Nez@mail.kkhair.net,57f7b2dd9ff93626,1961/11/06,+ 5815398852178955  ,"Hibiscus Lane #5, Gros Islet, LC12 301, St. Lucia"
José,Hernández,Jos.Hernndez@mail.kkhair.net,379211628c684595,1988/03/11,+1 (758) 7341146,"Sugar Cane Way #124, Castries, LC10 201, St. Lucia"
Kareem,Thompson,Kareem.Thompson_828@loyalty.kkhair.com,534d8a41d9230d3c,1989/02/20,+1 (758) 1682682,"Sunset Blvd #9, Castries, LC10 201, St. Lucia"
Sofía van der,Kringle,Sofa.Kringle@MAIL.KKHAIR.NET,bf44e165401e8af4,1972/03/02,+1 (758) 058028606048,"Sunset Blvd #75, Micoud, LC04 101, St. Lucia"
Noël,Grant,NOL.GRANT@loyalty.kkhair.com,abd47fecbd726c1d,1967/05/21,+ 9471990380351489  ,"Palm Grove #46, Castries, 4170, St. Lucia"
Tyrone,Joseph,Tyrone.Joseph@kandk-hair.co,8066902a7e7bccf3,1984/04/10,4627205364,"Harbour View #9, St. Catherine, 08, Jamaica"
José,Charles,Jos.Charles@LOYALTY.KKHAIR.COM,a474bbb0bf9fb3__,1978/07/20,040-7146-971,"Sunset Blvd #100, Soufrière, LC10 201, St. Lucia"
Dwayne,Johnson,Dwayne.Johnson@kandk-hair.co,13e1ce81fd5aa3c4,1987/10/05,367-3558-9,"Bamboo Crescent #122, Clarendon, 86726, Jamaica"
Rohan,Núñez,Rohan.Nez@mail.kkhair.net,df2d53f419c193__,1969/07/09,+1 (869) 91605390649,"Coconut Walk #169, St. John Figtree, 5205, St. Kitts & Nevis"
Tyrone,Brathwaite,TYRONE.BRATHWAITE@KKHAIREMPORIUM.COM,a727c4a5c0453d0e,1979/10/17,+ 910657351745  ,"Independence Ave #119, Gros Islet, LC10 201, St. Lucia"
Shanice,Campbell,SHANICE.CAMPBELL_20@LOYALTY.KKHAIR.COM,f4218cd4ea03b5ce,1970/04/29,0958723,"Hibiscus Lane #204, Port of Spain, 73082, Trinidad & Tobago"
Kirsten,Morris,KIRSTEN.MORRIS@kandk-hair.co,b13dff404b24134b,1975/05/09,7958291585511639,"Coral Ridge #231, St. Peter, BB23026, Barbados"
Mikaël,Pérez,Mikal.Prez@kkhairemporium.com,7259fe7def589696,1985/09/26,+1 (246) 1564380299,"Coral Ridge #237, St. George, BB17001, Barbados"
Khadija,O'Connor,Khadija.OConnor@kandk-hair.co,59e7ca0164011d9e,1982/12/20,+ 423169792067  ,"Mango Tree Drive #258, St. John Figtree, KN0503, St. Kitts & Nevis"
Rohan,Grant,Rohan.Grant-875@kandk-hair.co,3770f78a76157d93,1968/09/07,033-5051,"Mango Tree Drive #130, St. George Basseterre, KN0503, St. Kitts & Nevis"
Jamal García St.,Clair,Jamal.Clair@kkhairemporium.com,5bb24a71f227b0b7,1982/10/26,5571663282463061,"Coconut Walk #36, Micoud, LC04 101, St. Lucia"
Tia,Dottin,Tia.Dottin_13@mail.kkhair.net,90e7071ceb38b96d,1962/02/15,518-5711-645,"Mango Tree Drive #135, Micoud, 1578, St. Lucia"
Anaïs,Alleyne,ANAS.ALLEYNE_939@mail.kkhair.net,67fff7063cff35d3,2004/02/13,+ 45500549  ,"Independence Ave #7, Castries, LC12 301, St. Lucia"
Renée,Ramdeen,Rene.Ramdeen@mail.kkhair.net,97a5970f83eda8dc,1999/07/19,+1 (246) 7560022,"Queen's Road #52, St. George, 89381, Barbados"
Sofía Charles,Williams,Sofa.Williams-807@kkhairemporium.com,d6921782826233%^,1962/09/16,47085609,"Hibiscus Lane #81, St. James, BB14000, Barbados"
Tia van der,Kringle,TIA.KRINGLE@mail.kkhair.net,9c882e07c301ee02,1974/11/28,+ 171960  ,"Queen's Road #294, St. Thomas Lowland, KN0302, St. Kitts & Nevis"
Andre De la,Cruz,ANDRE.CRUZ@kkhairemporium.com,242701469c1cf466,1978/08/28,(556) 1922188220631,"Market Street #64, St. Thomas, 98639, Barbados"
Marlon,Morris,MARLON.MORRIS.512@mail.kkhair.net,08c7e53d5cc0646a,1961/07/02,+1 (876) 9395795519247411,"Palm Grove #90, Manchester, 55180, Jamaica"
Shanice,Thompson,Shanice.Thompson@MAIL.KKHAIR.NET,c714584e7531f625,1975/08/05,+1 (868) 197084,"Queen's Road #149, Arima, 00000, Trinidad & Tobago"
Sofía,Morris,Sofa.Morris@mail.kkhair.net,a5aad5ee5c172e80,1956/10/13,+ 422935  ,"Queen's Road #274, St. Paul Charlestown, 1114, St. Kitts & Nevis"
Renée ,O'Connor,Rene.OConnor@loyalty.kkhair.com,8a32c0be13b55366,2001/10/20,+ 128989930746  ,"Harbour View #32, Castries, LC10 201, St. Lucia"
Jermaine,O'Connor,Jermaine.OConnor.665@kandk-hair.co,aa14d6ad0fff9674,1972/03/13,(369) 626902220,"Coral Ridge #32, St. James, 98915, Barbados"
Sofía Williams,Campbell,Sofa.Campbell@kkhairemporium.com,48fd0d0d8e48a5be,2004/05/09,+ 9465777061298897  ,"Coconut Walk #241, St. John Figtree, KN0503, St. Kitts & Nevis"
Chloë,Campbell,Chlo.Campbell@mail.kkhair.net,3b6e91b267e7edce,1965/05/03,+1 (758) 7490584968814499,"Bay Street #193, Castries, LC12 301, St. Lucia"
Noël,Dottin,Nol.Dottin@loyalty.kkhair.com,e5fa18b45dedeefa,1984/07/20,929360,"Bay Street #232, St. Peter, BB14000, Barbados"
Renée,Forde,RENE.FORDE@kkhairemporium.com,e0da80a73c144e97,1974/02/15,47563112,"Seaview Terrace #91, Dennery, LC04 101, St. Lucia"
Rashida,Jean-Baptiste,Rashida.Jean-Baptiste@mail.kkhair.net,92055a425cd1a8c9,1999/12/29,+1 (868) 329887,"Sugar Cane Way #273, Chaguanas, 68852, Trinidad & Tobago"
Jéssica,Greenidge,Jssica.Greenidge-836@MAIL.KKHAIR.NET,7ee1933df2bd9ce7,1985/10/18,332-2912-489,"Palm Grove #153, St. Catherine, 97975, Jamaica"
Mikaël Grant,O'Connor,Mikal.OConnor@KKHAIREMPORIUM.COM,109f82474a9d0223,1982/02/23,996-2768,"Sugar Cane Way #120, Vieux Fort, LC12 301, St. Lucia"
Jamal,Dottin,Jamal.Dottin.725@kandk-hair.co,12cd9b563314266a,2005/05/20,0417103891,"Sugar Cane Way #106, Kingston, 15, Jamaica"
Kofi,Lewis,Kofi.Lewis@KANDK-HAIR.CO,0f281d6756960caf,2003/08/07,9722858258545513,"Market Street #99, St. Paul Charlestown, KN0302, St. Kitts & Nevis"
Rohan,Núñez,Rohan.Nez@mail.kkhair.net,d8df83c7f241c73e,1970/02/17,811-441,"Mango Tree Drive #205, St. Michael, BB23026, Barbados"
José,Thompson,JOS.THOMPSON@kkhairemporium.com,0aaa8cb85c7c87fe,1978/12/12,(660) 030119622,"Hibiscus Lane #149, Dennery, LC12 301, St. Lucia"
D’Andre,Ramdeen,DAndre.Ramdeen.990@mail.kkhair.net,b1326d8078886f%^,1970/06/30,+ 54496695421  ,"Bay Street #293, Chaguanas, TT6494, Trinidad & Tobago"
Rohan van der,Kringle,Rohan.Kringle@loyalty.kkhair.com,e1820f33d329c88c,1962/05/01,473885237748,"Coral Ridge #259, St. Peter Basseterre, 1988, St. Kitts & Nevis"
Rashida,Charles,Rashida.Charles_161@kkhairemporium.com,be2d9c43006f00e1,1998/09/23,(070) 9834,"Palm Grove #271, Couva-Tabaquite-Talparo, TT7830, Trinidad & Tobago"
Tia van der,Kringle,Tia.Kringle@kkhairemporium.com,c9bb9943bf7e5d90,1968/01/19,+ 288390397997  ,"Mango Tree Drive #102, Dennery, LC12 301, St. Lucia"
Kofi,Brathwaite,Kofi.Brathwaite@loyalty.kkhair.com,204e6cc75bce6556,2000/04/21,191-0904-886607326,"Coral Ridge #110, Micoud, 2070, St. Lucia"
Chloë St.,Clair,CHLO.CLAIR@loyalty.kkhair.com,b309bf78dd98f67e,1960/02/10,(518) 3784771,"Bamboo Crescent #167, St. Peter Basseterre, KN0101, St. Kitts & Nevis"
Jamal,Pérez,Jamal.Prez@mail.kkhair.net,c037aa005af60302,1981/05/27,194-9991-36505,"Cedar Park #239, Kingston, 22142, Jamaica"
Marlon,García,MARLON.GARCA@MAIL.KKHAIR.NET,3d24764268b54181,1974/02/16,+ 2748066112  ,"Seaview Terrace #38, St. John Figtree, KN0503, St. Kitts & Nevis"
Shanice,Joseph,Shanice.Joseph@kkhairemporium.com,b0c0a1d4e8acd7b1,1967/09/16,+1 (868) 7625384766919530,"Coconut Walk #41, Chaguanas, 28753, Trinidad & Tobago"
Jamal,Baptiste,JAMAL.BAPTISTE@kkhairemporium.com,948cdf13cbc5ff91,1987/08/26,525-6008,"Mango Tree Drive #68, San Fernando, 21368, Trinidad & Tobago"
Tia Hernández,Browne,Tia.Browne@kkhairemporium.com,0a79474430248873,1979/11/13,+ 377982402116  ,"Seaview Terrace #39, St. Thomas Lowland, 1507, St. Kitts & Nevis"
Tia,Núñez,Tia.Nez@mail.kkhair.net,1f92887030c289b4,1989/04/07,+ 153334  ,"Queen's Road #237, Chaguanas, 00000, Trinidad & Tobago"
Jermaine,Clarke,JERMAINE.CLARKE@loyalty.kkhair.com,4f86ed74f9166355,1983/11/04,83687477,"Palm Grove #225, St. George Basseterre, 5748, St. Kitts & Nevis"
Shanice,Jean-Baptiste,Shanice.Jean-Baptiste.20@loyalty.kkhair.com,b8527f636d6caf5f,1993/05/14,+1 (246) 341749,"Mango Tree Drive #250, St. James, BB17001, Barbados"
Jermaine,Browne,Jermaine.Browne_780@kandk-hair.co,f3bbe65fe033a93e,1973/06/12,108-5973-586794336,"Independence Ave #212, Port of Spain, TT7946, Trinidad & Tobago"
Tyrone,Baptiste,Tyrone.Baptiste@loyalty.kkhair.com,78e8a1480b7ef508,2002/01/11,+1 (876) 5480780538338569,"Queen's Road #117, Clarendon, 43908, Jamaica"
Sofía,Joseph,Sofa.Joseph@kkhairemporium.com,befe648aa73b25f4,1971/11/06,557-6881,"Cedar Park #71, Diego Martin, TT3154, Trinidad & Tobago"
Sofía,Joseph,Sofa.Joseph@loyalty.kkhair.com,17a0edbbb6ba2144,1984/07/31,41238724,"Bamboo Crescent #232, St. Philip, 75097, Barbados"
Andre,Browne,Andre.Browne.752@kandk-hair.co,99e3dedc78407925,1991/04/25,+1 (876) 832796637958,"Mango Tree Drive #143, St. Andrew, 50233, Jamaica"
Sade,Ramdeen,Sade.Ramdeen@mail.kkhair.net,fd8886d75e1bd38d,1977/07/18,+1 (758) 4715203519,"Independence Ave #22, Castries, LC10 201, St. Lucia"
D’Andre,Brathwaite,DANDRE.BRATHWAITE@LOYALTY.KKHAIR.COM,1846630c12f11b44,2002/06/08,+1 (246) 27025996,"Mango Tree Drive #152, St. George, BB23026, Barbados"
Mikaël,Joseph,MIKAL.JOSEPH-491@LOYALTY.KKHAIR.COM,6e39e7419724e972,1993/02/15,580-6247-5,"Harbour View #23, Gros Islet, LC10 201, St. Lucia"
Mikaël,Morris,Mikal.Morris@kandk-hair.co,ae22522ce657b6%^,1979/06/17,+1 (876) 9432183024,"Sugar Cane Way #299, Clarendon, 20734, Jamaica"
Noël,Thompson,Nol.Thompson@mail.kkhair.net,77021bb2c672f6c9,1957/07/04,+ 5259357076509462  ,"Sugar Cane Way #132, Clarendon, 15657, Jamaica"
Kirsten,Williams,Kirsten.Williams@kandk-hair.co,02e1164fc50beeff,1962/08/05,964-6077-359,"Coral Ridge #238, Gros Islet, LC10 201, St. Lucia"
Kirsten,Ramdeen,Kirsten.Ramdeen.79@kandk-hair.co,aa5d5148f8f3355c,1972/09/02,+ 778650  ,"Queen's Road #63, St. John Figtree, KN0302, St. Kitts & Nevis"
Dwayne,Williams,Dwayne.Williams@kandk-hair.co,3647bea69232af16,1988/02/22,+ 4554620  ,"Seaview Terrace #48, St. Peter, BB23026, Barbados"
Tanesha,Johnson,TANESHA.JOHNSON@kkhairemporium.com,339583939026bc63,1970/02/09,209-844,"Independence Ave #3, Castries, LC04 101, St. Lucia"
Tia,Holder,TIA.HOLDER_963@kkhairemporium.com,361a463bc5795804,1977/08/03,+ 4238670  ,"Harbour View #245, Port of Spain, 00000, Trinidad & Tobago"
Kofi,Núñez,Kofi.Nez@mail.kkhair.net,910761b20f49e4b8,1986/01/27,+ 6398523818289363  ,"Sunset Blvd #224, Clarendon, 18, Jamaica"
José,Morris,JOS.MORRIS-214@loyalty.kkhair.com,d7cb0a082f7f4478,1998/09/05,+ 8171899  ,"Bamboo Crescent #239, St. Ann, 02, Jamaica"
Zoë De la,Cruz,Zo.Cruz@kkhairemporium.com,c571da8007307d9b,1958/05/11,(170) 28461687,"Independence Ave #35, Arima, 00000, Trinidad & Tobago"
Marlon,Joseph,Marlon.Joseph_757@MAIL.KKHAIR.NET,891edee54311e4__,1982/11/04,(780) 410486671,"Sunset Blvd #64, San Fernando, 00000, Trinidad & Tobago"
Tyrone,Dottin,Tyrone.Dottin-577@MAIL.KKHAIR.NET,ae19970e749cdf81,1960/02/13,+1 (868) 69247048,"Hibiscus Lane #263, Port of Spain, TT8246, Trinidad & Tobago"
Noël,Williams,Nol.Williams-803@mail.kkhair.net,984d28aa6ea4c4b1,1979/03/13,+1 (758) 59358035288,"Coral Ridge #160, Castries, LC10 201, St. Lucia"
Andre,Jean-Baptiste,Andre.Jean-Baptiste@mail.kkhair.net,8c8719d911d0c4c9,1966/04/18,+ 8546091210407254  ,"Seaview Terrace #235, Vieux Fort, LC10 201, St. Lucia"
Andre,Forde,ANDRE.FORDE@kandk-hair.co,c164b1797884eb47,1999/10/20,957-8127-31742,"Coconut Walk #292, Diego Martin, 44414, Trinidad & Tobago"
Andre,Clarke,Andre.Clarke-199@loyalty.kkhair.com,62e70b1f67ee734f,1979/09/08,+1 (246) 590826800907,"Sugar Cane Way #160, St. George, BB14000, Barbados"
Aaliyah,Hernández,AALIYAH.HERNNDEZ@mail.kkhair.net,8c43fc869693dce8,1994/08/14,491-1066-726,"Seaview Terrace #287, Couva-Tabaquite-Talparo, TT9368, Trinidad & Tobago"
Rohan,Ramdeen-Browne,Rohan.Ramdeen-Browne.714@kandk-hair.co,8aafab49b4c3a286,1996/01/16,+ 871355669633  ,"Queen's Road #233, Couva-Tabaquite-Talparo, 78587, Trinidad & Tobago"
Sade,Brathwaite,Sade.Brathwaite@kandk-hair.co,142b1368771d5fa5,1995/01/20,+ 912759395571  ,"Hibiscus Lane #290, Kingston, 05, Jamaica"
Chloë,Williams,CHLO.WILLIAMS@loyalty.kkhair.com,94d9615f127f45ZZ,1987/06/14,149-628,"Independence Ave #160, Dennery, LC10 201, St. Lucia"
Kirsten,Alleyne,KIRSTEN.ALLEYNE@MAIL.KKHAIR.NET,7b2dad2798177370,2006/12/21,939-8012-201,"Coconut Walk #241, Diego Martin, 00000, Trinidad & Tobago"
Shanice,Clarke,SHANICE.CLARKE_951@kandk-hair.co,3df5135b073efaZZ,1964/06/09,343-8715-1547,"Seaview Terrace #41, St. James, 13, Jamaica"
Marlon,Brathwaite,MARLON.BRATHWAITE@mail.kkhair.net,680d6c021b0591__,1997/01/30,+ 85796886  ,"Cedar Park #140, St. John Figtree, KN0101, St. Kitts & Nevis"
Latoya,Browne,LATOYA.BROWNE@kandk-hair.co,984e77acb472dec5,1968/12/14,+ 166334  ,"Queen's Road #116, St. Peter Basseterre, KN0101, St. Kitts & Nevis"
Keisha,Holder,Keisha.Holder@kandk-hair.co,396894223ea889af,1969/12/15,12911647,"Sunset Blvd #284, Manchester, 33544, Jamaica"
Dwayne,Browne,Dwayne.Browne-746@kandk-hair.co,f571ae58a620248c,1976/05/28,606-6961-0,"Market Street #197, San Fernando, TT4368, Trinidad & Tobago"
Kofi,Johnson,Kofi.Johnson-613@KKHAIREMPORIUM.COM,5a0462d10815f5d7,1965/02/13,5079669,"Palm Grove #284, Soufrière, LC12 301, St. Lucia"
Sofía,Núñez,SOFA.NEZ_90@kkhairemporium.com,b7acb7a587fea1ed,1987/07/11,+1 (868) 251225846790,"Queen's Road #235, San Fernando, TT5128, Trinidad & Tobago"
Noël,Browne,Nol.Browne-577@mail.kkhair.net,2494dafa7a26fc7a,1980/07/04,+1 (876) 0633461,"Coconut Walk #67, Clarendon, 14, Jamaica"
Tyrone,Joseph,Tyrone.Joseph@kandk-hair.co,7671b99297dd1506,1997/04/11,677-7736-576,"Market Street #25, Couva-Tabaquite-Talparo, 00000, Trinidad & Tobago"
Zoë,Lewis,ZO.LEWIS@mail.kkhair.net,b6ee35b5829b2ca2,1979/10/15,900-4152,"Cedar Park #202, Clarendon, 49128, Jamaica"
Sofía,Forde,Sofa.Forde@kkhairemporium.com,917d7c8d0aba3d32,1984/12/25,69619212,"Hibiscus Lane #96, Gros Islet, LC12 301, St. Lucia"
Rashida,García,Rashida.Garca@mail.kkhair.net,2d847034f9c03fc6,1963/02/12,606-2230,"Market Street #218, Gros Islet, LC04 101, St. Lucia"
Latoya,Greenidge,Latoya.Greenidge@LOYALTY.KKHAIR.COM,5e9c6a47ad234070,1993/07/06,+1 (758) 53111281779,"Seaview Terrace #299, Vieux Fort, 9283, St. Lucia"
Tia,Campbell,Tia.Campbell@kkhairemporium.com,07fb6b63648a4ead,1963/10/21,07126524948,"Queen's Road #25, Couva-Tabaquite-Talparo, 42705, Trinidad & Tobago"
Khadija,Campbell,Khadija.Campbell@kkhairemporium.com,454c3a80498968ae,1991/09/20,091595,"Sunset Blvd #122, St. Paul Charlestown, 9782, St. Kitts & Nevis"
Kareem,Alleyne,Kareem.Alleyne@kandk-hair.co,80a8df71bd315a63,1970/10/19,095804014615,"Bay Street #215, Christ Church, BB23026, Barbados"
Kofi,Núñez,KOFI.NEZ@loyalty.kkhair.com,d115c09d03e8a63c,1967/01/12,+ 73216502  ,"Coconut Walk #38, Port of Spain, TT7371, Trinidad & Tobago"
Sofía De la,Cruz,SOFA.CRUZ@LOYALTY.KKHAIR.COM,f732f3f80068bc8c,1998/09/02,+1 (758) 3660474,"Mango Tree Drive #151, Vieux Fort, 7199, St. Lucia"
Rohan,Best,Rohan.Best@kandk-hair.co,dd9163d6cf2ea482,1976/11/24,+1 (246) 9539526,"Bay Street #138, Christ Church, BB17001, Barbados"
Anaïs,Greenidge,Anas.Greenidge-635@mail.kkhair.net,9bcafe7c31680af6,1991/01/07,+ 69430721  ,"Cedar Park #298, St. George Basseterre, KN0101, St. Kitts & Nevis"
Renée,Greenidge,Rene.Greenidge@kkhairemporium.com,aede34caf52435fb,1969/10/07,585537,"Seaview Terrace #299, Port of Spain, 00000, Trinidad & Tobago"
Jermaine,Hernández,JERMAINE.HERNNDEZ@mail.kkhair.net,4731d91ef5d55a94,1973/06/29,+ 366547587837  ,"Coconut Walk #249, Manchester, 29556, Jamaica"
Rashida van der,Kringle,Rashida.Kringle@kandk-hair.co,d8f4ad19ce516d0c,1964/08/23,+ 973122  ,"Bamboo Crescent #180, St. George Basseterre, 4027, St. Kitts & Nevis"
Tia,Greenidge,Tia.Greenidge_754@kandk-hair.co,d2e0b271ae7537ce,2005/04/01,(055) 7052950,"Queen's Road #171, Chaguanas, 00000, Trinidad & Tobago"
D’Andre,Williams,DANDRE.WILLIAMS@mail.kkhair.net,e28187e934c3f700,1956/08/16,405-0810,"Market Street #7, St. Catherine, 17, Jamaica"
Zoë,García,Zo.Garca_985@kkhairemporium.com,259ded8434b6c51e,1978/12/30,(920) 3314656571665,"Cedar Park #287, St. Thomas Lowland, KN0101, St. Kitts & Nevis"
Dwayne,Ramdeen,Dwayne.Ramdeen@MAIL.KKHAIR.NET,48fc835d36bbf8ac,1956/03/12,(442) 78859,"Cedar Park #259, Christ Church, BB17001, Barbados"
Jermaine,Williams,JERMAINE.WILLIAMS@loyalty.kkhair.com,4cafa16209e280ff,1971/05/11,697-4721-71243,"Palm Grove #212, St. George Basseterre, 1577, St. Kitts & Nevis"
Latoya,Brathwaite,Latoya.Brathwaite@kkhairemporium.com,dff88fd26edc6c9c,1976/09/24,(379) 2262,"Hibiscus Lane #154, St. John Figtree, KN0503, St. Kitts & Nevis"
Latoya,Grant,LATOYA.GRANT@loyalty.kkhair.com,d0fd528bfe7dc0a3,1963/05/10,+1 (876) 885874895571,"Coconut Walk #249, Clarendon, 60969, Jamaica"
Jéssica,Dottin,Jssica.Dottin@loyalty.kkhair.com,f6ed71fe77dcd0ff,1984/03/28,+1 (246) 2962901079,"Palm Grove #29, St. Philip, BB23026, Barbados"
Latoya,Jean-Baptiste,LATOYA.JEAN-BAPTISTE@kandk-hair.co,86d3de56cdad1cff,1986/05/23,(250) 4025898,"Mango Tree Drive #125, Clarendon, 11, Jamaica"
Jamal Grant,Singh,JAMAL.SINGH@mail.kkhair.net,079c353b13c8a8dc,1988/03/02,+ 9876229579  ,"Sunset Blvd #80, Vieux Fort, 4588, St. Lucia"
Andre van der,Kringle,ANDRE.KRINGLE_668@kandk-hair.co,883b5d89b4d9b823,1996/07/12,837-3965-242760741,"Coconut Walk #260, St. John Figtree, KN0302, St. Kitts & Nevis"
Shanice,Pérez,Shanice.Prez_334@LOYALTY.KKHAIR.COM,bb20b84b4fa0bc18,2002/02/25,(340) 2937,"Sugar Cane Way #7, Soufrière, 3561, St. Lucia"
Kirsten,Baptiste,Kirsten.Baptiste@mail.kkhair.net,498626dfbf5cd80a,1992/12/02,317790534038,"Seaview Terrace #257, St. Andrew, 06, Jamaica"
D’Andre De la,Cruz,DANDRE.CRUZ-287@kkhairemporium.com,82a20cd0d57cb1ZZ,1991/10/26,518-2613,"Seaview Terrace #90, Gros Islet, 6094, St. Lucia"
Mikaël St.,Clair-Jean-Baptiste,Mikal.Clair-Jean-Baptiste@kandk-hair.co,045cf31cdad05956,1994/12/28,+1 (869) 32279975,"Coconut Walk #42, St. Thomas Lowland, KN0503, St. Kitts & Nevis"
Jermaine,Thompson,Jermaine.Thompson@KKHAIREMPORIUM.COM,2a94c1e4923d8685,1961/04/03,(822) 3064211684603,"Coconut Walk #243, St. Catherine, 96360, Jamaica"
Latoya,Ramdeen,Latoya.Ramdeen@kandk-hair.co,949d8f74ba1da40a,1974/08/20,(578) 90355081,"Bay Street #226, Manchester, 04, Jamaica"
Tanesha,Brathwaite,Tanesha.Brathwaite@kkhairemporium.com,80513cfa71027829,1986/04/27,+ 4654840000400464  ,"Market Street #27, Soufrière, LC04 101, St. Lucia"
D’Andre,Thompson,DAndre.Thompson@loyalty.kkhair.com,353cb5b13ba0973a,1994/05/27,(763) 1032319,"Bay Street #37, St. John Figtree, KN0101, St. Kitts & Nevis"
Tia,Johnson,Tia.Johnson@mail.kkhair.net,5ea2899009ca8c74,1980/12/11,+ 764973780534  ,"Cedar Park #258, Soufrière, 1299, St. Lucia"
Jermaine,Johnson,Jermaine.Johnson@mail.kkhair.net,f0bdea30bd6df198,1997/11/01,5015544,"Bay Street #57, St. Thomas Lowland, KN0503, St. Kitts & Nevis"
José,Singh,Jos.Singh-646@kandk-hair.co,50a0a60e5ff44fca,2004/11/28,+ 6036698027644829  ,"Sugar Cane Way #285, St. Paul Charlestown, KN0302, St. Kitts & Nevis"
Chloë,Holder,Chlo.Holder@loyalty.kkhair.com,b3240671bcdd8469,2005/01/10,+ 3773485030  ,"Sugar Cane Way #247, St. Thomas Lowland, KN0302, St. Kitts & Nevis"
Renée,Pérez-Greenidge,Rene.Prez-Greenidge@loyalty.kkhair.com,825de5ff8fc2190e,1969/11/02,180-2040,"Cedar Park #196, St. Catherine, 06, Jamaica"
Keisha,García,Keisha.Garca@KANDK-HAIR.CO,a287a18f22019a12,1976/09/30,934-7796-605,"Sugar Cane Way #58, St. George, 52988, Barbados"
Tyrone,Brathwaite,Tyrone.Brathwaite-886@loyalty.kkhair.com,3393c1b02fabf15c,2004/03/14,426-7088-0501,"Queen's Road #24, Chaguanas, 00000, Trinidad & Tobago"
Renée,Best,RENE.BEST@MAIL.KKHAIR.NET,c2e01d287dbf47ec,1964/05/26,760-1751-800778428,"Queen's Road #129, St. George Basseterre, KN0101, St. Kitts & Nevis"
Khadija van der,Kringle,KHADIJA.KRINGLE@MAIL.KKHAIR.NET,5e5bf76de81351b8,1996/09/29,+ 62083610  ,"Bamboo Crescent #201, St. George, BB14000, Barbados"
Aaliyah,Baptiste,Aaliyah.Baptiste@kkhairemporium.com,136a58e22efb0b36,1965/10/19,+1 (758) 4120074045156993,"Seaview Terrace #137, Castries, LC04 101, St. Lucia"
Rashida,Greenidge,Rashida.Greenidge@kandk-hair.co,73c04a04f080097d,1993/06/18,578-9663-680,"Mango Tree Drive #21, St. Peter, BB17001, Barbados"
Jéssica,Joseph,JSSICA.JOSEPH@mail.kkhair.net,ce52dc00cc25f195,2003/10/31,+1 (869) 22419979703,"Harbour View #166, St. Paul Charlestown, 1380, St. Kitts & Nevis"
Zoë,Clarke,Zo.Clarke@loyalty.kkhair.com,0ddd91af970f06e5,1985/01/01,+ 415578  ,"Cedar Park #124, St. John Figtree, KN0302, St. Kitts & Nevis"
Rohan St. Clair,Jean-Baptiste,Rohan.Jean-Baptiste@mail.kkhair.net,90e8c803aee9dc43,1998/08/01,4586672,"Queen's Road #219, Chaguanas, 92723, Trinidad & Tobago"
José,Best,JOS.BEST-793@loyalty.kkhair.com,8dd5dd217bcbf819,1962/02/08,600-126,"Cedar Park #297, St. Andrew, 29091, Jamaica"
Kirsten,Núñez,Kirsten.Nez@mail.kkhair.net,bb6fabfa5182ba55,1959/06/18,77444332945,"Sunset Blvd #205, Chaguanas, TT1335, Trinidad & Tobago"
José van der,Kringle,Jos.Kringle@MAIL.KKHAIR.NET,e995572c84344dbb,1997/02/24,+ 9991584345  ,"Palm Grove #93, Chaguanas, 00000, Trinidad & Tobago"
Tia De la,Cruz,TIA.CRUZ@kandk-hair.co,7effa56d6c39b883,2003/12/04,651-599,"Market Street #186, St. James, 19, Jamaica"
Dwayne De la,Cruz,Dwayne.Cruz@MAIL.KKHAIR.NET,399883c8ac586804,1995/01/30,518251,"Sunset Blvd #182, Diego Martin, TT7783, Trinidad & Tobago"
Anaïs,Johnson,ANAS.JOHNSON@mail.kkhair.net,2d461c3b1f31dc3c,1974/10/05,+1 (868) 977963199467,"Cedar Park #236, Port of Spain, 53471, Trinidad & Tobago"
Jéssica,García,Jssica.Garca@kkhairemporium.com,32b327c008e19d99,1960/05/19,(427) 89119268,"Seaview Terrace #280, Castries, LC04 101, St. Lucia"
Noël,Joseph,NOL.JOSEPH@KKHAIREMPORIUM.COM,5d57bb8688527033,1985/05/27,32375083,"Coral Ridge #142, Castries, LC04 101, St. Lucia"
Sofía St.,Clair,SOFA.CLAIR@kkhairemporium.com,cd6f27ef00a75254,1975/01/03,+ 6445125622208346  ,"Cedar Park #200, St. Ann, 69362, Jamaica"
Devon De la,Cruz,DEVON.CRUZ@mail.kkhair.net,5fbf317d60bcad5a,1989/05/22,(888) 608110714,"Sunset Blvd #72, St. Peter Basseterre, KN0302, St. Kitts & Nevis"
Shanice ,Campbell,Shanice.Campbell@loyalty.kkhair.com,6722197971ffac85,1965/11/26,+1 (868) 311265974603,"Palm Grove #34, Arima, 71934, Trinidad & Tobago"
Khadija,Johnson,Khadija.Johnson@kandk-hair.co,230b73102e5a27c5,2003/09/26,+1 (868) 9401469613607727,"Sunset Blvd #111, Couva-Tabaquite-Talparo, 00000, Trinidad & Tobago"
Kofi van der,Kringle,Kofi.Kringle@kandk-hair.co,ebc5a18b12974be0,2006/12/10,(143) 8255203286591,"Market Street #222, Port of Spain, TT3363, Trinidad & Tobago"
Andre,Dottin,Andre.Dottin@kkhairemporium.com,7903dfec4230a0f3,1958/02/21,+1 (869) 38767384,"Mango Tree Drive #151, St. Thomas Lowland, KN0503, St. Kitts & Nevis"
Tanesha,Thompson,Tanesha.Thompson@kkhairemporium.com,68ef7b938abd9e62,1990/07/26,+1 (869) 889438,"Queen's Road #91, St. John Figtree, KN0302, St. Kitts & Nevis"
Latoya,Joseph,Latoya.Joseph@kkhairemporium.com,e68c1e6d6286226e,1968/08/11,834-911,"Hibiscus Lane #267, Dennery, LC12 301, St. Lucia"
Jermaine,Singh,Jermaine.Singh@kandk-hair.co,59d32ad571cf028c,1962/08/05,836-248,"Sunset Blvd #78, Manchester, 43465, Jamaica"
Anaïs,Greenidge,Anas.Greenidge_823@kandk-hair.co,d87dc77fbd28b7af,1999/06/30,(883) 744,"Queen's Road #289, St. Andrew, 46251, Jamaica"
Andre ,Grant,Andre.Grant@MAIL.KKHAIR.NET,307ed65907096f82,1994/03/18,61997078393,"Cedar Park #282, Port of Spain, 77175, Trinidad & Tobago"
Aaliyah De la,Cruz,AALIYAH.CRUZ@kkhairemporium.com,0f0ac1aaf6931c00,1989/01/18,(024) 4569791,"Harbour View #35, St. Philip, BB17001, Barbados"
Jermaine,Alleyne,Jermaine.Alleyne@mail.kkhair.net,a191998e85e1e4b9,1968/07/04,740-7519-3914,"Harbour View #33, St. George Basseterre, KN0503, St. Kitts & Nevis"
Rashida Hernández,Brathwaite,Rashida.Brathwaite_574@loyalty.kkhair.com,5acef9c72ff2c5dd,2002/04/29,(032) 6249,"Harbour View #120, St. Ann, 83624, Jamaica"
Tia,Holder,Tia.Holder-231@mail.kkhair.net,1257850050b7ca09,1990/10/31,+ 1524041  ,"Coral Ridge #215, Arima, 00000, Trinidad & Tobago"
José,Pérez,Jos.Prez@kandk-hair.co,5b1d9206292f75db,1974/01/06,038-4672,"Harbour View #190, Dennery, LC12 301, St. Lucia"
Anaïs,Dottin,Anas.Dottin@kkhairemporium.com,279ea2781e82a0b4,1959/08/25,9061195973,"Seaview Terrace #162, St. Thomas Lowland, KN0503, St. Kitts & Nevis"
Marlon,Johnson,Marlon.Johnson@loyalty.kkhair.com,1ff70a60178655%^,1987/09/07,65783393,"Queen's Road #178, St. Philip, BB17001, Barbados"
Renée,Holder-Ramdeen,Rene.Holder-Ramdeen@kandk-hair.co,02db9c0e9ad5ace0,1969/01/16,+1 (869) 207520469074,"Market Street #260, St. John Figtree, 6843, St. Kitts & Nevis"
Sofía,Charles,Sofa.Charles_306@loyalty.kkhair.com,032516cf52c84d2c,1992/09/15,5208313001,"Sunset Blvd #15, Soufrière, LC12 301, St. Lucia"
D’Andre,Browne,DAndre.Browne@kkhairemporium.com,71caef4234e3c303,1995/09/20,(371) 1070686,"Bay Street #220, San Fernando, 00000, Trinidad & Tobago"
Shanice van der,Kringle-García,Shanice.Kringle-Garca@kkhairemporium.com,9548b493c06b793f,1986/08/28,+ 73912983  ,"Sunset Blvd #135, Castries, LC04 101, St. Lucia"
Mikaël St. Clair,Johnson,Mikal.Johnson@mail.kkhair.net,60551c83ca9147ed,1966/05/16,+ 8656260  ,"Seaview Terrace #164, St. Paul Charlestown, KN0302, St. Kitts & Nevis"
Renée,Jean-Baptiste,RENE.JEAN-BAPTISTE.254@kkhairemporium.com,2d556ecc53b82b21,1966/05/20,+1 (246) 5834926,"Independence Ave #86, St. Peter, BB23026, Barbados"
Sade,Holder,Sade.Holder@kandk-hair.co,fb604d28192dea51,2000/07/29,917-2845-8487,"Sugar Cane Way #50, St. Thomas Lowland, KN0503, St. Kitts & Nevis"
Noël,Browne,Nol.Browne@loyalty.kkhair.com,44abbd08d003a346,1968/09/01,519-0672,"Independence Ave #151, St. Paul Charlestown, 5676, St. Kitts & Nevis"
Kareem,Pérez,Kareem.Prez@mail.kkhair.net,311d78e9208414__,1997/10/08,(755) 52586,"Mango Tree Drive #128, St. Peter Basseterre, KN0302, St. Kitts & Nevis"
Zoë,Best,Zo.Best@kandk-hair.co,b4899e0939b1ac66,1993/05/06,875-9559,"Queen's Road #55, St. Peter, BB14000, Barbados"
Renée,Thompson,Rene.Thompson.630@mail.kkhair.net,e96c180a4e387d8f,1973/06/08,618-776,"Coconut Walk #246, St. Thomas, BB17001, Barbados"
Dwayne,Thompson,Dwayne.Thompson_927@mail.kkhair.net,f9149abedab35d__,1976/09/09,+ 3459232  ,"Hibiscus Lane #56, St. Paul Charlestown, KN0503, St. Kitts & Nevis"
Tanesha De la,Cruz,Tanesha.Cruz@kkhairemporium.com,f4581ab71c237008,2002/08/16,+1 (246) 70568335556,"Independence Ave #243, St. James, BB17001, Barbados"
Jéssica,Williams,Jssica.Williams@loyalty.kkhair.com,eb03ea0adcba1cac,1999/07/29,+ 30063191  ,"Sugar Cane Way #69, St. Peter Basseterre, KN0302, St. Kitts & Nevis"
Chloë,Baptiste,Chlo.Baptiste@loyalty.kkhair.com,e11c77c14f63adf5,1998/12/13,+1 (246) 773824382146,"Bay Street #102, St. Thomas, BB17001, Barbados"
Devon van der,Kringle,Devon.Kringle@kkhairemporium.com,2d99ce9eb5387b__,1989/03/07,254-1105-562412667,"Seaview Terrace #72, St. Thomas, BB14000, Barbados"
Anaïs,Lewis,ANAS.LEWIS@kkhairemporium.com,d297916f2b486312,1991/11/24,526-4974,"Seaview Terrace #16, St. Paul Charlestown, KN0302, St. Kitts & Nevis"
Dwayne,Grant,Dwayne.Grant@mail.kkhair.net,9433f90088211e56,1981/04/29,+1 (868) 412107,"Independence Ave #16, Chaguanas, 00000, Trinidad & Tobago"
Shanice,Pérez,Shanice.Prez@MAIL.KKHAIR.NET,0b384ef142a7c33a,1962/02/10,+1 (246) 34106165047,"Harbour View #90, St. Peter, BB14000, Barbados"
Latoya,Thompson,Latoya.Thompson@loyalty.kkhair.com,77d13072381035e3,1967/03/06,94925434,"Cedar Park #95, St. George, 78260, Barbados"
Chloë,Browne,Chlo.Browne@mail.kkhair.net,7cee20f04817b276,1963/09/17,1620172951,"Mango Tree Drive #296, Gros Islet, LC10 201, St. Lucia"
Kirsten,Baptiste,Kirsten.Baptiste@mail.kkhair.net,51e106f203074047,1963/09/09,+ 661907  ,"Harbour View #5, Manchester, 13222, Jamaica"
Andre,Lewis,Andre.Lewis@mail.kkhair.net,15c059dba42acc86,1995/05/09,+ 76144433736  ,"Queen's Road #98, St. Paul Charlestown, KN0101, St. Kitts & Nevis"
Khadija,Brathwaite,Khadija.Brathwaite@mail.kkhair.net,53dfc0d120cdae59,1988/02/25,044503986383,"Queen's Road #283, Christ Church, BB17001, Barbados"
Kareem,García,Kareem.Garca@mail.kkhair.net,66c2858f82b2d74a,1960/10/10,(782) 757,"Market Street #81, St. Thomas Lowland, 4966, St. Kitts & Nevis"
Andre,Campbell-Dottin,Andre.Campbell-Dottin@loyalty.kkhair.com,bf865333b8a42f3c,1959/03/27,+ 92059483  ,"Sunset Blvd #121, St. John Figtree, KN0101, St. Kitts & Nevis"
Kirsten,García,Kirsten.Garca@kandk-hair.co,60b75bd5909f18d8,1984/08/24,5741193539103891,"Sunset Blvd #208, St. George, BB17001, Barbados"
Kofi,Jean-Baptiste,Kofi.Jean-Baptiste@loyalty.kkhair.com,af616f06ef6241bd,1982/06/10,09514050,"Hibiscus Lane #32, St. Thomas, 43031, Barbados"
Khadija,Forde,KHADIJA.FORDE_727@kandk-hair.co,7576c939799c550f,1960/01/02,(942) 816,"Hibiscus Lane #263, Dennery, LC12 301, St. Lucia"
Aaliyah Forde,Charles,Aaliyah.Charles_853@loyalty.kkhair.com,d87a443f64948f51,1957/01/07,+ 420457813145  ,"Coral Ridge #39, Couva-Tabaquite-Talparo, 70156, Trinidad & Tobago"
Andre  Thompson ,Williams,Andre.Williams_68@loyalty.kkhair.com,44ff04d19ecfe5bc,1994/02/13,+1 (876) 4996727633968007,"Coconut Walk #40, Kingston, 07, Jamaica"
Sade,Morris,Sade.Morris_68@kandk-hair.co,d2dcf99df1f33a23,1999/04/30,586-0264-23624,"Mango Tree Drive #66, San Fernando, 00000, Trinidad & Tobago"
Zoë,Ramdeen,Zo.Ramdeen@MAIL.KKHAIR.NET,98114f885897e6cc,1959/09/06,(182) 7734774,"Market Street #204, Couva-Tabaquite-Talparo, 00000, Trinidad & Tobago"
Kareem St.,Clair,Kareem.Clair@kkhairemporium.com,1fe19ba6002f6383,1970/06/09,(055) 52517,"Coral Ridge #90, Castries, LC12 301, St. Lucia"
Sofía,Lewis-Núñez,Sofa.Lewis-Nez@kkhairemporium.com,cf5d0adb72868551,1959/03/10,+1 (869) 74995893674,"Hibiscus Lane #41, St. George Basseterre, 8461, St. Kitts & Nevis"
Renée ,Alleyne-Best,RENE.ALLEYNE-BEST@MAIL.KKHAIR.NET,ad57e58c8ac09b22,1957/10/24,9111785125,"Queen's Road #202, Dennery, LC10 201, St. Lucia"
Keisha,Alleyne,KEISHA.ALLEYNE.146@loyalty.kkhair.com,0f679166f6c3b5cd,1989/04/27,+1 (869) 002275,"Palm Grove #278, St. George Basseterre, KN0503, St. Kitts & Nevis"
Tanesha,Baptiste,Tanesha.Baptiste@KANDK-HAIR.CO,4d8a85fd477c6490,1970/08/07,+1 (246) 618098098804,"Market Street #44, St. Peter, BB23026, Barbados"
Jermaine,Williams,JERMAINE.WILLIAMS-369@loyalty.kkhair.com,13c65e8b32ca2d0c,1981/07/27,+1 (876) 575296647118,"Bamboo Crescent #167, Kingston, 36121, Jamaica"
Rohan,O'Connor,Rohan.OConnor@mail.kkhair.net,edbb2cdec1546c89,2006/06/09,424-9162,"Queen's Road #54, St. Ann, 40735, Jamaica"
Kirsten,Singh,KIRSTEN.SINGH@kandk-hair.co,eeac8f8034bb73ea,1955/02/09,397-267,"Cedar Park #53, St. Thomas, BB23026, Barbados"
Marlon,Thompson,Marlon.Thompson@loyalty.kkhair.com,d1c8816b793ff669,1975/12/20,+ 821606392318  ,"Sugar Cane Way #22, Couva-Tabaquite-Talparo, TT2819, Trinidad & Tobago"
Jamal  De  la ,Cruz,JAMAL.CRUZ@kkhairemporium.com,e5c7c5905784172f,1961/10/03,+1 (869) 7286939539106733,"Palm Grove #23, St. Paul Charlestown, KN0302, St. Kitts & Nevis"
Anaïs,Thompson,Anas.Thompson@loyalty.kkhair.com,0e81b3e06453eea1,1977/07/13,+1 (758) 410372810297,"Seaview Terrace #272, Gros Islet, LC04 101, St. Lucia"
Kirsten,Ramdeen,Kirsten.Ramdeen@kkhairemporium.com,4ade095d8cfb119c,1955/08/09,+1 (868) 627502,"Seaview Terrace #200, San Fernando, TT4007, Trinidad & Tobago"
Jéssica,Forde,Jssica.Forde@mail.kkhair.net,9b8520950925da81,2004/02/03,+1 (876) 37577079606,"Queen's Road #169, Kingston, 12, Jamaica"
Zoë,Charles,Zo.Charles@KKHAIREMPORIUM.COM,387582e0e34ffd77,1998/07/16,082204484351,"Coral Ridge #21, St. Ann, 17, Jamaica"
Jamal,Best,Jamal.Best@kkhairemporium.com,3737ff868171af5a,1963/02/25,201-5297-968546211,"Hibiscus Lane #126, St. Thomas Lowland, KN0101, St. Kitts & Nevis"
Aaliyah,Morris,Aaliyah.Morris@mail.kkhair.net,8ca04298b88e4b9e,1959/12/10,490-4651-4444,"Coconut Walk #157, San Fernando, 98983, Trinidad & Tobago"
D’Andre,Grant,DAndre.Grant@mail.kkhair.net,942737dfa876fff4,1994/08/04,(038) 34124,"Queen's Road #129, St. Peter, BB17001, Barbados"
Jermaine,Williams,JERMAINE.WILLIAMS@KANDK-HAIR.CO,970f598f70f3425b,2003/06/02,(244) 9520769,"Harbour View #40, St. George Basseterre, KN0503, St. Kitts & Nevis"
José,Joseph,Jos.Joseph@loyalty.kkhair.com,b95196c5fac8fa1e,1993/09/04,808-6789-4,"Mango Tree Drive #93, St. Peter, BB17001, Barbados"
Andre,Brathwaite,Andre.Brathwaite@kkhairemporium.com,df2139922d7544b3,1978/01/30,+ 170254  ,"Bay Street #169, St. Paul Charlestown, KN0101, St. Kitts & Nevis"
Kofi,Best,Kofi.Best@mail.kkhair.net,9dbee37e3b685e65,1996/08/25,7494645,"Independence Ave #89, Soufrière, 7186, St. Lucia"
Zoë,Clarke,Zo.Clarke@loyalty.kkhair.com,dbfb94070367ec22,1995/12/29,623-1539-42811,"Palm Grove #51, St. James, BB14000, Barbados"
Sade,Morris,SADE.MORRIS@loyalty.kkhair.com,0cac94ed605c65ce,1975/04/22,+ 9871414  ,"Sunset Blvd #45, Chaguanas, TT2296, Trinidad & Tobago"
Tyrone,Ramdeen,Tyrone.Ramdeen@mail.kkhair.net,a91b9f879fa4f59a,1996/02/10,421-001,"Market Street #279, Gros Islet, LC12 301, St. Lucia"
Jermaine,Joseph,Jermaine.Joseph@kkhairemporium.com,5bc6ef635b59bf13,1963/07/10,836-2492-1,"Sunset Blvd #33, Diego Martin, 56013, Trinidad & Tobago"
Marlon,Charles,Marlon.Charles@kandk-hair.co,63d2404df94ffa3a,1994/06/14,+ 285685944164  ,"Palm Grove #226, Dennery, LC04 101, St. Lucia"
Keisha,Brathwaite,KEISHA.BRATHWAITE@kkhairemporium.com,b3a542dbc261e7e2,1981/02/07,+1 (246) 457774146518,"Seaview Terrace #165, St. James, BB17001, Barbados"
Jamal,Campbell,Jamal.Campbell@mail.kkhair.net,da3c63e5f3a86d52,1972/07/07,968-7574-4,"Hibiscus Lane #171, Kingston, 36435, Jamaica"
Chloë,Morris,Chlo.Morris@mail.kkhair.net,106817a5f3f64162,1994/03/21,978884587957,"Coconut Walk #224, Couva-Tabaquite-Talparo, TT2580, Trinidad & Tobago"
Keisha,Greenidge,Keisha.Greenidge.56@mail.kkhair.net,ccd940075ca171a4,1963/09/02,+1 (869) 29495760,"Independence Ave #21, St. John Figtree, KN0503, St. Kitts & Nevis"
Rashida,Lewis,RASHIDA.LEWIS.605@mail.kkhair.net,c436a9ac2873b669,2006/09/16,04002417036,"Sugar Cane Way #186, Christ Church, BB17001, Barbados"
Zoë,Campbell,ZO.CAMPBELL_300@mail.kkhair.net,842a2fa0fd727481,1979/08/15,714-5706,"Cedar Park #42, Arima, 00000, Trinidad & Tobago"
Kirsten,Browne,Kirsten.Browne@mail.kkhair.net,ed589a5e96007f1d,1980/09/25,874-9320-3922,"Queen's Road #289, St. Thomas Lowland, 2436, St. Kitts & Nevis"
Devon Núñez,Clarke,DEVON.CLARKE@kkhairemporium.com,32e60c7428a4ec__,1971/10/14,083-1912-604858965,"Palm Grove #185, Gros Islet, LC12 301, St. Lucia"
Shanice,Singh,Shanice.Singh@loyalty.kkhair.com,acc4701bc098c3b0,1967/06/06,+ 6605059085576578  ,"Bay Street #114, Vieux Fort, 1862, St. Lucia"
Tia,Hernández,Tia.Hernndez.982@LOYALTY.KKHAIR.COM,b12a87ae31fe8393,1965/03/29,+ 006562  ,"Coconut Walk #219, Soufrière, LC12 301, St. Lucia"
Dwayne,Jean-Baptiste,DWAYNE.JEAN-BAPTISTE@mail.kkhair.net,55cd893c39c57c6a,1960/05/13,+ 356117  ,"Bamboo Crescent #106, Gros Islet, LC12 301, St. Lucia"
Rohan,Grant,ROHAN.GRANT_767@kandk-hair.co,a8636af90e9e80e6,1968/08/03,+1 (868) 90618344251,"Harbour View #54, Couva-Tabaquite-Talparo, 73845, Trinidad & Tobago"
Chloë,Johnson,CHLO.JOHNSON@loyalty.kkhair.com,d21872c94e5601e0,1989/07/22,+1 (868) 19908187,"Queen's Road #2, San Fernando, 12870, Trinidad & Tobago"
Mikaël,Johnson,MIKAL.JOHNSON@kandk-hair.co,8a6f3a18a3cfef12,1986/08/31,635546903369,"Sunset Blvd #107, St. Andrew, 80350, Jamaica"
Tyrone,Holder,Tyrone.Holder@mail.kkhair.net,cc3851f050e0d7b3,1983/07/18,(533) 7970,"Sunset Blvd #241, Vieux Fort, LC10 201, St. Lucia"
Jermaine,Dottin,Jermaine.Dottin@kandk-hair.co,5acd8e826723b2d7,2003/05/23,+1 (876) 30990349,"Sugar Cane Way #155, St. Andrew, 64034, Jamaica"
Mikaël  Brathwaite ,Best,Mikal.Best-585@kkhairemporium.com,c8a96cfdfdf9cf5c,1991/08/20,+ 1702671996149491  ,"Palm Grove #46, Couva-Tabaquite-Talparo, 00000, Trinidad & Tobago"
Kareem,Best,Kareem.Best@loyalty.kkhair.com,c2920cc2b565ae1a,1958/11/19,+ 202730  ,"Palm Grove #98, Port of Spain, TT5679, Trinidad & Tobago"
Chloë,García,Chlo.Garca@KKHAIREMPORIUM.COM,477b2337ff7e5eec,2002/11/10,651-4448-657430620,"Hibiscus Lane #201, St. George Basseterre, KN0302, St. Kitts & Nevis"
Mikaël,O'Connor,MIKAL.OCONNOR-421@kandk-hair.co,7af23d98dd8f3651,1964/01/06,+1 (246) 118581101460,"Bay Street #92, St. Peter, BB14000, Barbados"
Anaïs,O'Connor,Anas.OConnor@mail.kkhair.net,83b226160ecc2f0c,1964/07/14,+1 (246) 0987284818186969,"Sugar Cane Way #206, St. George, 45079, Barbados"
Sade,Holder,SADE.HOLDER@kandk-hair.co,1cdc7e43b6b819f1,1987/11/08,+ 4165666715711120  ,"Sunset Blvd #82, St. Peter, BB23026, Barbados"
José,Brathwaite,Jos.Brathwaite@mail.kkhair.net,076b81d2d6086845,1999/07/01,989-3090,"Hibiscus Lane #67, St. Peter, BB14000, Barbados"
Jermaine,Núñez,Jermaine.Nez@kandk-hair.co,2ceb03736e1e82ZZ,1979/10/21,04624786,"Cedar Park #276, St. Thomas Lowland, KN0302, St. Kitts & Nevis"
Sofía,Dottin,SOFA.DOTTIN@kandk-hair.co,97521a9cd3fe61f0,1961/10/25,+1 (868) 709951,"Sugar Cane Way #293, Arima, 94018, Trinidad & Tobago"
Tia,O'Connor,TIA.OCONNOR_744@KKHAIREMPORIUM.COM,1be5fbd45053ea56,1956/12/18,+ 720324893237  ,"Mango Tree Drive #15, Castries, 4716, St. Lucia"
Dwayne,Charles,Dwayne.Charles@mail.kkhair.net,5ffd1dce950a0af9,1967/12/10,+1 (758) 5153121413829879,"Harbour View #108, Vieux Fort, LC12 301, St. Lucia"
Jermaine De la,Cruz,JERMAINE.CRUZ_235@kkhairemporium.com,08cf64ea8ad4f3ZZ,1978/04/10,094-7830-626,"Harbour View #269, Vieux Fort, LC04 101, St. Lucia"
Devon,Charles,DEVON.CHARLES@kandk-hair.co,152a34b26c81a93c,1969/10/26,+ 900322  ,"Mango Tree Drive #5, St. George Basseterre, 9805, St. Kitts & Nevis"
Jéssica,Jean-Baptiste,Jssica.Jean-Baptiste@loyalty.kkhair.com,df71ba52d8ad4486,1967/03/21,+1 (758) 923078141257,"Bay Street #41, Gros Islet, LC12 301, St. Lucia"
Noël,Charles,Nol.Charles@kkhairemporium.com,bed15e63d07b14ZZ,1966/05/12,456-4686-6764,"Bamboo Crescent #32, Couva-Tabaquite-Talparo, 00000, Trinidad & Tobago"
Dwayne,Clarke-Núñez,Dwayne.Clarke-Nez@mail.kkhair.net,77fd54678a13a83f,1988/02/10,11862479393,"Harbour View #224, St. George Basseterre, KN0101, St. Kitts & Nevis"
Keisha,Grant-Best,KEISHA.GRANT-BEST@kandk-hair.co,63746f1888ca0362,1987/11/30,+ 6457017  ,"Bay Street #153, St. George Basseterre, KN0503, St. Kitts & Nevis"
Renée Morris,Greenidge,RENE.GREENIDGE@mail.kkhair.net,0d093dc0bcc32542,1998/02/19,(363) 1492,"Harbour View #156, San Fernando, 00000, Trinidad & Tobago"
Renée ,Johnson,Rene.Johnson-893@kandk-hair.co,0027715380802275,2005/02/10,7645618,"Bay Street #40, Arima, 29660, Trinidad & Tobago"
Kareem,Hernández,Kareem.Hernndez@mail.kkhair.net,4cbd3fc24ccd3c5e,1957/05/28,(977) 59776,"Market Street #218, St. Philip, BB23026, Barbados"
Sade,Morris,Sade.Morris@kandk-hair.co,cae1e7b8c0b42eZZ,1955/04/10,+ 2955769  ,"Market Street #225, Couva-Tabaquite-Talparo, TT3743, Trinidad & Tobago"
Latoya,García,Latoya.Garca@kkhairemporium.com,f9e09cf33e59ac78,1988/07/10,+1 (876) 2408962870,"Sugar Cane Way #25, Manchester, 23679, Jamaica"
Noël,Jean-Baptiste,Nol.Jean-Baptiste@KKHAIREMPORIUM.COM,045273c1a169c32f,1963/01/24,123-3559-1,"Mango Tree Drive #132, Castries, 5568, St. Lucia"
Aaliyah,Jean-Baptiste,Aaliyah.Jean-Baptiste@KANDK-HAIR.CO,477a376b62b7bd5e,1982/11/29,+1 (868) 682898,"Sugar Cane Way #12, Chaguanas, 00000, Trinidad & Tobago"
Kofi,Williams,Kofi.Williams@LOYALTY.KKHAIR.COM,32a9433a834caa3f,1990/05/04,740-0198-011063822,"Harbour View #157, Micoud, LC12 301, St. Lucia"
Devon,Johnson,Devon.Johnson@loyalty.kkhair.com,bb662bdca878e34d,2001/02/09,(019) 7030,"Palm Grove #241, St. Philip, 92602, Barbados"
Tyrone,Campbell,TYRONE.CAMPBELL@kkhairemporium.com,d0184bedaf25a89b,1994/07/07,140-9054-449625216,"Bamboo Crescent #181, Port of Spain, 00000, Trinidad & Tobago"
Rohan van der,Kringle,Rohan.Kringle_445@KKHAIREMPORIUM.COM,366902f298abfdcc,1973/02/02,+ 57417565  ,"Cedar Park #53, Port of Spain, TT3012, Trinidad & Tobago"
Rashida,Grant,Rashida.Grant@loyalty.kkhair.com,762874ec9c346ba8,1968/03/19,+1 (758) 7730978039934686,"Sugar Cane Way #293, Castries, 4407, St. Lucia"
Jamal,García,Jamal.Garca@kandk-hair.co,b328d4eacd52fc5e,1970/11/22,499753,"Cedar Park #259, St. George Basseterre, KN0503, St. Kitts & Nevis"
Marlon,Charles,MARLON.CHARLES_672@kandk-hair.co,592fdde1c655cdZZ,1955/08/23,+1 (876) 5959012,"Seaview Terrace #247, St. James, 52957, Jamaica"
Jamal,Browne,Jamal.Browne@loyalty.kkhair.com,328af50bba753cab,1968/10/29,+1 (246) 607228849939,"Bay Street #146, St. Peter, BB14000, Barbados"
Mikaël,Alleyne,Mikal.Alleyne@loyalty.kkhair.com,d383d7e0e5f840__,1981/05/11,+ 485915  ,"Palm Grove #227, Arima, TT4715, Trinidad & Tobago"
Aaliyah,Hernández,Aaliyah.Hernndez@kkhairemporium.com,36e12c909fc7709f,1963/12/23,+ 7416537466  ,"Bay Street #161, Dennery, LC12 301, St. Lucia"
Rohan De la,Cruz,Rohan.Cruz.117@kkhairemporium.com,5ad7865a20320563,2006/04/13,+ 1747481579619423  ,"Sunset Blvd #139, Port of Spain, 00000, Trinidad & Tobago"
Jamal,Hernández,Jamal.Hernndez@LOYALTY.KKHAIR.COM,7e734b083fbe7454,1998/02/24,(062) 046786303,"Coral Ridge #74, Micoud, 4854, St. Lucia"
Jéssica,Lewis,Jssica.Lewis@mail.kkhair.net,e5aae7031f4a9570,1997/08/25,(272) 3114341663826,"Bay Street #93, St. John Figtree, KN0302, St. Kitts & Nevis"
Renée,Williams,Rene.Williams@loyalty.kkhair.com,e2e90dcce840c36f,2002/09/19,878790,"Hibiscus Lane #232, St. John Figtree, KN0302, St. Kitts & Nevis"
Renée,Browne,Rene.Browne@loyalty.kkhair.com,fe47cef60ea2d60c,1991/04/11,229-1764-80361,"Coral Ridge #154, St. Michael, BB14000, Barbados"
José,Singh,Jos.Singh@kandk-hair.co,99f652fea9ae9fe0,2001/09/25,+ 6432754115652770  ,"Bamboo Crescent #176, St. Thomas Lowland, KN0302, St. Kitts & Nevis"
Tia,Alleyne,TIA.ALLEYNE@loyalty.kkhair.com,7faa66772874b9a5,1970/08/06,+ 109002810003  ,"Bay Street #202, St. James, 14, Jamaica"
Tanesha ,Ramdeen,TANESHA.RAMDEEN@KANDK-HAIR.CO,f9207eb393c8dc56,1995/09/20,+ 8496355501219914  ,"Bay Street #99, Couva-Tabaquite-Talparo, TT8295, Trinidad & Tobago"
Devon,Holder,Devon.Holder@loyalty.kkhair.com,6f0e27d094243019,1998/07/10,+1 (758) 42556862,"Queen's Road #74, Castries, LC04 101, St. Lucia"
D’Andre,Lewis,DAndre.Lewis@mail.kkhair.net,47a6a2eb419ef019,1955/08/27,+1 (758) 8274383,"Mango Tree Drive #201, Gros Islet, LC10 201, St. Lucia"
Keisha,Núñez,Keisha.Nez@kandk-hair.co,c2bf707fa38946de,1956/11/22,(749) 818,"Palm Grove #163, St. James, 22995, Jamaica"
Rashida,Joseph,Rashida.Joseph@kandk-hair.co,5851c1b23cfd0a87,1968/08/26,+ 02327107325  ,"Bay Street #283, Gros Islet, LC12 301, St. Lucia"
Aaliyah,Campbell,Aaliyah.Campbell@kkhairemporium.com,22ce02f6b0a99b63,1974/12/12,4135054,"Independence Ave #184, St. James, BB14000, Barbados"
Jéssica,Hernández,Jssica.Hernndez@kandk-hair.co,8b8a91545efc0431,1993/12/01,451-9067-7,"Independence Ave #172, Gros Islet, LC10 201, St. Lucia"
Latoya,Baptiste,Latoya.Baptiste@KANDK-HAIR.CO,c59ee0b83281db8f,1963/07/31,351-3834-562933495,"Bay Street #218, Diego Martin, TT5481, Trinidad & Tobago"
Tyrone,Williams,Tyrone.Williams@LOYALTY.KKHAIR.COM,c64b5397f6a51722,2001/03/05,0718116,"Sugar Cane Way #136, St. Thomas Lowland, 8340, St. Kitts & Nevis"
Tyrone,Alleyne,Tyrone.Alleyne.781@mail.kkhair.net,33f95c2944e909b2,1969/12/06,(357) 431,"Queen's Road #257, St. Paul Charlestown, 4582, St. Kitts & Nevis"
Sofía,Browne,Sofa.Browne@kandk-hair.co,be06a81c8457b8fc,1962/01/22,+ 3496059  ,"Bamboo Crescent #215, St. Thomas Lowland, KN0503, St. Kitts & Nevis"
Tyrone,Greenidge,Tyrone.Greenidge@KANDK-HAIR.CO,1d8d38c87bc13dda,1992/02/10,(753) 93036199,"Bamboo Crescent #226, Arima, 00000, Trinidad & Tobago"
Aaliyah,Dottin,Aaliyah.Dottin@kkhairemporium.com,3fd5a3a4019d0b8d,1988/07/01,(204) 73087,"Market Street #154, Dennery, LC04 101, St. Lucia"
Kareem,Campbell,Kareem.Campbell@loyalty.kkhair.com,256cbaca15400b69,2006/09/22,5183591461,"Independence Ave #231, St. Paul Charlestown, KN0101, St. Kitts & Nevis"
Jamal,Lewis,JAMAL.LEWIS@KKHAIREMPORIUM.COM,bed52d689971a698,1997/12/14,+1 (876) 1371958807,"Bay Street #182, Kingston, 17, Jamaica"
Latoya,Forde,Latoya.Forde@kkhairemporium.com,b8e67f15aabc6938,1986/09/18,3966528,"Mango Tree Drive #57, Micoud, 1925, St. Lucia"
Sade,Williams,Sade.Williams.607@mail.kkhair.net,d4de25df126d22dc,1971/09/21,+ 7204533769  ,"Sunset Blvd #235, Clarendon, 55706, Jamaica"
Tyrone,Greenidge,Tyrone.Greenidge@kkhairemporium.com,f6bd7523e3c4cfe7,1965/07/05,+ 947947  ,"Queen's Road #237, San Fernando, 49175, Trinidad & Tobago"
Jamal,Núñez,JAMAL.NEZ@loyalty.kkhair.com,cd2da2fbdcd5cbf1,1974/08/05,+1 (868) 991269,"Market Street #103, San Fernando, 00000, Trinidad & Tobago"
Kareem,Greenidge,Kareem.Greenidge@loyalty.kkhair.com,4d8ca4de8f32dd1f,1965/04/09,+1 (869) 002200364238,"Palm Grove #15, St. George Basseterre, 8338, St. Kitts & Nevis"
Shanice,Singh,SHANICE.SINGH@mail.kkhair.net,ca8b5aa3ecad7d__,1970/11/09,+ 143061432885  ,"Market Street #247, St. Catherine, 16, Jamaica"
Marlon,Ramdeen,Marlon.Ramdeen@loyalty.kkhair.com,43050fef612a7057,1989/10/02,+ 38412791  ,"Mango Tree Drive #230, Castries, LC10 201, St. Lucia"
Tyrone St.,Clair,Tyrone.Clair@KKHAIREMPORIUM.COM,a989b049d202c20f,1998/03/31,+1 (876) 607372040324,"Coral Ridge #251, St. Andrew, 91242, Jamaica"
D’Andre,Alleyne,DAndre.Alleyne@mail.kkhair.net,dd9ef647f5855277,1955/06/24,274-5056-9582,"Sunset Blvd #265, Soufrière, 5728, St. Lucia"
Tanesha,Campbell,TANESHA.CAMPBELL-574@kkhairemporium.com,48394dac4d2c18c9,1957/06/06,397-8374-766937772,"Coconut Walk #238, St. James, 11339, Jamaica"
Khadija,Grant,Khadija.Grant@mail.kkhair.net,ee9291d35ebc2091,1997/05/13,624-716,"Hibiscus Lane #74, Chaguanas, TT7434, Trinidad & Tobago"
Zoë,Best,Zo.Best@KKHAIREMPORIUM.COM,dc40476c4f0cb726,2003/06/14,+1 (869) 9045896,"Harbour View #71, St. Peter Basseterre, KN0503, St. Kitts & Nevis"
Tyrone,Grant,Tyrone.Grant-808@kkhairemporium.com,754bf1533dcc1552,2000/05/21,+1 (758) 83611538,"Bay Street #180, Soufrière, 2548, St. Lucia"
Dwayne,Ramdeen,Dwayne.Ramdeen-659@kandk-hair.co,fdd02f5c39f70e90,1999/09/06,(946) 52174565,"Sugar Cane Way #69, Soufrière, LC04 101, St. Lucia"
Anaïs Lewis,Morris,Anas.Morris@kandk-hair.co,d596d2411dfe5de3,1992/11/09,+1 (758) 945416460715,"Seaview Terrace #155, Dennery, LC04 101, St. Lucia"
Kareem,Núñez,Kareem.Nez-384@mail.kkhair.net,39841206940ce5__,1993/06/29,+1 (868) 167123,"Mango Tree Drive #15, Couva-Tabaquite-Talparo, 97890, Trinidad & Tobago"
Mikaël,Alleyne,Mikal.Alleyne@kkhairemporium.com,b0c78f6928c048__,1997/01/09,+1 (876) 5666196213239295,"Cedar Park #155, St. Andrew, 50849, Jamaica"
