original_index, Password 12582,Account Branch   ,Loyalty Pointsnsuef ,Gender  ,Signup Date 2018 ,Total Purchases  
0,BD#dz*,Oistins,20267.0,Non-binary,2018/01/17,45.0
1,CPhDeOZIiBOB@Y6s,Spanish Town,11146.0,Female,2017-09-03,64.0
2,UNEhEk,Basseterre,23194.0,Female,2017/03/14,92.0
3,mhZRnF,Sandy Point,8690.0,Prefer not to say,2016-05-04,7.0
4,EZpFfk,Warrens,5169.0,Prefer not to say,2017/12/03,81.0
5,Hu42bojt,Vieux Fort,24086.0,Male,2017/04/11,84.0
6,doHwHen3SO,Spanish Town,24514.0,Male,2018/08/10,86.0
7,lENCzsdfF8,Montego Bay,20075.0,Prefer not to say,2017/10,10.0
8,1XcW9aTM,Montego Bay,12422.0,Non-binary,2018/08/21,69.0
9,Eq8oB7GV,Bridgetown,14205.0,Non-binary,2017-05-17,11.0
10,BTHRJJb%ykE0,Castries,24342.0,Male,2017/02/01,46.0
11,bK894R,Montego Bay,18632.0,Female,2018/07/11,60.0
12,2o*CtIsj,Gros Islet,17005.0,Prefer not to say,2016/08,42.0
13,Z$a*70,Chaguanas,9563.0,Non-binary,2016/10,35.0
14,SQ*W6PyEXD0f,Chaguanas,12452.0,Non-binary,2017/09,5.0
15,E@sD7G6Gb7K*,Castries,19892.0,Non-binary,2016/03/09,93.0
16,G9LRo7js,Kingston,4580.0,Female,2018/07/18,95.0
17,B44EUmV*Th,Basseterre,21661.0,Female,2016-09-16,67.0
18,M6dh9Z2n!4jkPsiq,Bridgetown,2989.0,Female,2017/11/06,52.0
19,t9CnSVoJ,Gros Islet,23645.0,Non-binary,2018/11/15,55.0
20,rGLPpa@3,Warrens,3468.0,Male,2016/08/21,24.0
21,w@75PO,Vieux Fort,21359.0,Male,2016/06/21,22.0
22,gQiQmXKGtQksSNYq,Oistins,11035.0,Male,2017-08-06,100.0
23,,,,,,
24,&c$EsL2aTE1xk^Ui,Castries,2067.0,Prefer not to say,2018/11/21,104.0
25,Z4XRx@@V%Ik2,Charlestown,24572.0,Male,2018/01/20,72.0
26,Fodx@%XpHH,Bridgetown,16188.0,Female,2018/03,92.0
27,qxq3#hp%tM,San Fernando,20254.0,Female,2018/05/01,26.0
28,nOE7pI5FsmgLX1Fu,Vieux Fort,11985.0,Prefer not to say,2018/03/02,97.0
29,Usz$Z#fferQ8%6t$,Charlestown,20611.0,Prefer not to say,2016/11/06,26.0
30,,,,,,
31,PKhlD&ew1w,Spanish Town,11046.0,Non-binary,2018/09/04,31.0
32,hp7NuZ#N,Bridgetown,10751.0,Prefer not to say,2018/07/17,53.0
33,2Si*hi,Chaguanas,23563.0,Prefer not to say,2016/02/02,8.0
34,hr#LDOPE,Oistins,4730.0,Prefer not to say,2017/06/06,82.0
35,B9AQMbByp9FAYEPK,Warrens,18670.0,Male,2018/09/27,113.0
36,itbB#6Vh,Sandy Point,15040.0,Male,2016/06/18,55.0
37,*ewOcAsYjM,Vieux Fort,19197.0,Prefer not to say,2016-11-11,40.0
38,lPXbL0XkF%vWvrIM,Gros Islet,21333.0,Male,2018/10,100.0
39,d7A4Li0@rMEGt2Wj,Montego Bay,12816.0,Prefer not to say,2018/12/03,60.0
40,vF%wuQ,Bridgetown,14993.0,Female,2017-12-21,79.0
41,s$X1rX2x!&,Kingston,9571.0,Female,2016/08/21,69.0
42,Me5HSl4p,Gros Islet,21492.0,Male,2016/07/09,95.0
43,i&YB2B@IPK,Castries,12184.0,Male,2018/09/03,75.0
44,nnOVMr,Spanish Town,2760.0,Male,2017/08/28,100.0
45,X1U*w8jc,Montego Bay,22894.0,Prefer not to say,2016-10-08,20.0
46,Q2I^iH,San Fernando,8135.0,Prefer not to say,2016/05,110.0
47,F7V @z*Fta0dD*SbQ,Vieux Fort,18606.0,Female,2017/02/19,98.0
48,luMfBP,Basseterre,2112.0,Male,2018/02/22,22.0
49,9hlJXr1z^F*cWT9*,Castries,5770.0,Male,2016/12/25,11.0
50,Phcsso^U,Oistins,1061.0,Male,2016/12/09,11.0
51,1v0@WS*Wm9Cu,Castries,6225.0,Prefer not to say,2018/01/08,11.0
52,NY8!Hl,Gros Islet,17123.0,Prefer not to say,2016/10/28,96.0
53,HOilXYPJ,Port of Spain,1615.0,Prefer not to say,2017/04/11,95.0
54,h$uiN#Zr^d,Port of Spain,8475.0,Female,2017/07/05,65.0
55,J2WS6GB7M%,Oistins,834.0,Prefer not to say,2017/03/31,81.0
56,xQlCTCN1QV,San Fernando,20677.0,Male,2016/06/29,55.0
57,ycaFCSNqnX#NvifM,Chaguanas,1592.0,Female,2016/01/20,84.0
58,on@zzH%zT0,Bridgetown,1292.0,Non-binary,2018/06,34.0
59,voqhun194xWT,Oistins,5142.0,Prefer not to say,2018/07/06,63.0
60,M$A6RU,Port of Spain,12874.0,Male,2016/10,0.0
61,nXP#X1FJ,Sandy Point,418.0,Female,2016/11,87.0
62,CXE$KgWX1OgbGz4C,Vieux Fort,1666.0,Non-binary,2016/11/22,68.0
63,boS5EFfPWoXG,Chaguanas,5038.0,Female,2017/06/13,57.0
64,nLMlK4WYd8u&CrY*,San Fernando,21124.0,Female,2017/04/25,79.0
65,2vaOFC3JUr,Bridgetown,18074.0,Non-binary,2018/03/23,1.0
66,fC!DiHVDfA,Spanish Town,4553.0,Prefer not to say,2016/08/30,53.0
67,,,,,,
68,m2rG9DkK*0Gyaa%p,Warrens,18928.0,Non-binary,2016-01-11,105.0
69,%Khw@4bz%Kye,Kingston,19869.0,Male,2017/11,102.0
70,,,,,,
71,Yw6p%6ObbA,Charlestown,22479.0,Male,2017-10-08,38.0
72,UGSc0pSz&w,Gros Islet,14578.0,Non-binary,2016/07/29,119.0
73,DFK4qq^vde,San Fernando,17534.0,Female,2018/06/14,20.0
74,0yixrLo65I,Port of Spain,10821.0,Female,2016/03/09,94.0
75,%pG9MzUgBoE3PbvJ,Warrens,24025.0,Male,2017/08/26,62.0
76,,,,,,
77,jMjB%m,Warrens,13511.0,Prefer not to say,2018/11/26,113.0
78,tme6TtrHUFDGMlZB,Gros Islet,17692.0,Male,2017/03/30,100.0
79,r9z!Yz^F,Chaguanas,2811.0,Female,2017/03/09,66.0
80,GvhKzI,Gros Islet,16054.0,Prefer not to say,2016/03,35.0
81,NQ5*qAr*zrN^,Spanish Town,18580.0,Male,2018/03/04,17.0
82,!P6F2ZfWOY&^,Spanish Town,14801.0,Female,2017/02,11.0
83,k^X$uWWfvQ,Gros Islet,13439.0,Prefer not to say,2017/03/01,18.0
84,uKw6UelM,Bridgetown,20129.0,Prefer not to say,2016-08-29,26.0
85,#PaoQRYdwy,Basseterre,11113.0,Prefer not to say,2018/10,47.0
86,9#tyR9,Port of Spain,10514.0,Male,2017/07/14,79.0
87,R*4gqd8gnX,Sandy Point,6008.0,Non-binary,2018-04-10,101.0
88,,,,,,
89,VgaToK,Port of Spain,4496.0,Prefer not to say,2018-10-17,30.0
90,s^J7%k,Charlestown,1691.0,Non-binary,2016/12,94.0
91,kst@0XE4vA,Kingston,17409.0,Non-binary,2017/01/03,1.0
92,hBpplq,Warrens,6575.0,Prefer not to say,2018-06-23,13.0
93,XItQYa,Oistins,1288.0,Prefer not to say,2017/05/03,8.0
94,ZpB%6&,Basseterre,13966.0,Non-binary,2016/12/10,70.0
95,kaawlK18qAsI,Kingston,22454.0,Prefer not to say,2018/07/17,94.0
96,PDoPDmE0,Warrens,4472.0,Female,2018/09,27.0
97,ta1ff8#e2^Y9m5@E,Sandy Point,22634.0,Non-binary,2016/04/22,116.0
98,ArQE*o9ACPTI#2Jg,Castries,6693.0,Female,2016/05/08,102.0
99,46MqNvHD9VKgsTK6,Spanish Town,9881.0,Female,2018/11/05,90.0
100,Ro9froNdZC5T,Gros Islet,14600.0,Female,2016/06/25,38.0
101,1w7rzxWL!f,San Fernando,18532.0,Prefer not to say,2017/07/12,81.0
102,OMIUm&Tsbr,Castries,23261.0,Non-binary,2016/09,54.0
103,iMbmpA,Oistins,23191.0,Prefer not to say,2017/04/11,97.0
104,K6N4C0L2yi8V,Vieux Fort,19068.0,Non-binary,2016/10/02,94.0
105,j%@7zL,Oistins,12749.0,Prefer not to say,2017-12-23,36.0
106,m2ST0ShFFENk,Gros Islet,16474.0,Non-binary,2017/03/14,6.0
107,,,,,,
108,chkOMi0UlYrE,Port of Spain,10370.0,Prefer not to say,2016/04/21,100.0
109,XbYGMlEMAu4O,Kingston,13128.0,Male,2016/09/30,87.0
110,Dl7zHvgZ2HtlVvpb,Basseterre,20240.0,Prefer not to say,2018/03/25,91.0
111,faG#WMYVqfwHv#@R,Chaguanas,20861.0,Prefer not to say,2016-11-30,55.0
112,pSlAKxv$,Oistins,21561.0,Female,2017/08/02,7.0
113,XZKtpM!3,Oistins,22486.0,Male,2017-09-07,66.0
114,TGk #co7wxY,Chaguanas,20209.0,Non-binary,2016/10/24,55.0
115,8c5FzLYgQbn3,Sandy Point,11267.0,Prefer not to say,2018/03,106.0
116,u!m1@MEA,Vieux Fort,1652.0,Prefer not to say,2018/11/02,111.0
117,RK#vkIV1UFt^,Oistins,1894.0,Non-binary,2018/07/02,113.0
118,e&QXq%,Sandy Point,11107.0,Male,2018/01/09,18.0
119,%YH@24!1us#q,Port of Spain,19320.0,Prefer not to say,2017/12/15,5.0
120,55tPl0XDYR*f,San Fernando,13166.0,Female,2016/07/22,36.0
121,hMXmOs,Kingston,18176.0,Male,2016-12-10,68.0
122,9IGWSB,San Fernando,140.0,Female,2018-02-09,45.0
123,JTylMC,Chaguanas,757.0,Non-binary,2018-11-25,113.0
124,C2jFzv,Kingston,12366.0,Non-binary,2018/04/21,76.0
125,6%Q ynn,Sandy Point,19769.0,Non-binary,2016/04/21,25.0
126,QM1Qun6f@CaCD7BE,Montego Bay,23554.0,Male,2016/10/08,100.0
127,3ipsqyy&WVO2Ffy&,Oistins,19135.0,Female,2018/02/11,119.0
128,R25730V@OIWdw4DH,Castries,9813.0,Non-binary,2018-08-17,59.0
129,VrqNb@,Vieux Fort,9982.0,Female,2016/05,49.0
130,Yuoq&19iXAqA,Vieux Fort,5738.0,Prefer not to say,2016/03/30,111.0
131,pVjn#P05vGA#f7dj,Kingston,19889.0,Female,2016/11/10,22.0
132,agWzFV,Kingston,7005.0,Female,2016/05/15,35.0
133,XrQwO9iQc5,Sandy Point,21089.0,Female,2017/03/31,48.0
134,AE#k27Nv,Sandy Point,2727.0,Non-binary,2018/09/11,17.0
135,VX!Nj0epXuy3,Chaguanas,12594.0,Prefer not to say,2018-04-22,118.0
136,av!ami1^1K,Bridgetown,9605.0,Female,2017-06-28,0.0
137,2RVROEUZWh,Charlestown,15877.0,Prefer not to say,2018/10/30,63.0
138,Bvln3duP,Oistins,3804.0,Non-binary,2018/03,40.0
139,,,,,,
140,bUnsW2vh,Vieux Fort,21403.0,Prefer not to say,2018/09/09,95.0
141,xZcY&^!i%&pApxxa,Bridgetown,18909.0,Prefer not to say,2017/03,77.0
142,kG2s&AjIyV$u,Basseterre,12407.0,Female,2018/03/08,103.0
143,IgVF16x4T7#KJ2%D,Charlestown,6231.0,Female,2018-01-21,65.0
144,LM9 LHB,Castries,17337.0,Male,2017/01/08,34.0
145,yKfrY1,Bridgetown,22226.0,Non-binary,2018/11/13,35.0
146,ytDpqZeJ,Warrens,1558.0,Male,2016/07/25,32.0
147,^VE JAXlnqp,Chaguanas,716.0,Male,2016/12/04,65.0
148,#^HMCLIpvCf&,San Fernando,512.0,Female,2017-04-19,55.0
149,KcNuwYyi,Vieux Fort,2784.0,Male,2016/04/24,34.0
150,D2XsTK,Sandy Point,3405.0,Non-binary,2018-09-06,14.0
151,QrFX1@&&@&&D,Basseterre,24477.0,Male,2016/05/31,76.0
152,^M80R4bK,Spanish Town,15349.0,Prefer not to say,2016/06/08,99.0
153,EIk f9f,Vieux Fort,15175.0,Female,2018/01/07,120.0
154,mbsNl@m6OvLu,San Fernando,8612.0,Female,2017/04/01,59.0
155,zZQ iOR!B8oJ6,Oistins,14792.0,Prefer not to say,2018/09/13,88.0
156,PObt6s@O,Spanish Town,16355.0,Prefer not to say,2016/12/28,20.0
157,lc0n@*,Basseterre,13584.0,Female,2018/05/30,50.0
158,%u3Dmq#pYH,Montego Bay,2718.0,Male,2018-10-09,116.0
159,5uxMbwepRS,Montego Bay,24418.0,Prefer not to say,2017/09/30,26.0
160,TVi5ve$G0L^TYdox,Port of Spain,3372.0,Non-binary,2017/07/16,15.0
161,e&^fRci8m1MJ,Chaguanas,12087.0,Female,2016/10/09,15.0
162,9!JP9ClH,Spanish Town,3462.0,Male,2017/07/23,87.0
163,d8^5THpkT3,Castries,7195.0,Female,2017/04,89.0
164,Kamx#9NEvO,Chaguanas,9524.0,Male,2018/09/23,58.0
165,s0C sT@,Warrens,14910.0,Non-binary,2016/11/29,36.0
166,gGrSK#,Oistins,14280.0,Non-binary,2018/06/13,67.0
167,d1lrMF,Chaguanas,1737.0,Male,2016/08/22,19.0
168,9xE*H4p3scxs,Charlestown,9920.0,Female,2018/10/27,115.0
169,Yi9W8x#^Hq,Basseterre,24573.0,Female,2017/02/04,56.0
170,AeraU0,Castries,7340.0,Non-binary,2016/08/15,119.0
171,E@jeSj,Gros Islet,12361.0,Male,2016/04/28,11.0
172,hjhq4xKf,Basseterre,11358.0,Prefer not to say,2016/10/17,30.0
173,JX@cWX,San Fernando,13888.0,Non-binary,2017-05-26,37.0
174,Hw47c4b7eT,Vieux Fort,10398.0,Female,2018/11/04,65.0
175,UQ0V8LduVf,Warrens,8820.0,Male,2016/06,83.0
176,rHKROpk01#s@,Chaguanas,7911.0,Non-binary,2016/04/02,117.0
177,$ktaV6WP4w$JmDM@,Castries,21837.0,Non-binary,2017/02/03,106.0
178,p43@Hl,Oistins,20554.0,Female,2017-01-18,36.0
179,Awe1HWES9^xMDL!!,Spanish Town,7695.0,Female,2018/04/22,56.0
180,v&AoQq*ccWlQTig%,San Fernando,24573.0,Female,2017-02-01,109.0
181,WL2lC0J9K&#F,Castries,13211.0,Prefer not to say,2018/04,34.0
182,kn2jWqbu%pvz4oe2,Kingston,17182.0,Prefer not to say,2016/01/12,24.0
183,SbyJK2NV,Kingston,15580.0,Female,2016/08/28,50.0
184,Js34!Gp3,Chaguanas,9009.0,Prefer not to say,2016/07/31,3.0
185,Om*Jyc,Basseterre,11188.0,Prefer not to say,2016-02-11,100.0
186,gWKwJrO0Cy,Bridgetown,11212.0,Non-binary,2016/08/24,80.0
187,bu18QRmxTN,Kingston,16783.0,Male,2017-09-25,18.0
188,3lFtVa9u,Gros Islet,11871.0,Non-binary,2016/07/09,83.0
189,7kSmZb,Kingston,227.0,Non-binary,2018/07/31,113.0
190,5PMeoT,Sandy Point,20864.0,Non-binary,2018/11/18,101.0
191,ZxKIa0Ac1qJI7OmC,Kingston,21649.0,Female,2016/12/07,72.0
192,mYBBoL,San Fernando,24999.0,Prefer not to say,2018/10,76.0
193,X$yu6V,Charlestown,2288.0,Female,2018/06/17,92.0
194,HovU0RsF,Oistins,9542.0,Non-binary,2017/04/11,27.0
195,t#O%VW!v^9,Charlestown,3238.0,Non-binary,2017/01/09,83.0
196,q%MhAD,Spanish Town,20805.0,Prefer not to say,2018/09/16,82.0
197,!aO$8@uw,Castries,5175.0,Male,2017/09/13,39.0
198,0Tr6Jc,Castries,9179.0,Prefer not to say,2017/08/05,17.0
199,*H^LcriOU5,Bridgetown,18537.0,Prefer not to say,2016-05-17,72.0
200,3J75tQ,Oistins,18902.0,Male,2016-03-21,69.0
201,Tdr4pWd4,Vieux Fort,11791.0,Prefer not to say,2016/07/23,39.0
202,PfsFwbq%tr,Bridgetown,10865.0,Female,2017/12,11.0
203,N88GqP,Chaguanas,8740.0,Male,2016/01/30,4.0
204,H*4pJ$RRxGR!6mR%,Kingston,6510.0,Non-binary,2016/11/21,21.0
205,LX%187PrMajG,Basseterre,14528.0,Male,2016/09/12,78.0
206,72v!LC,Chaguanas,15986.0,Prefer not to say,2018-05-13,91.0
207,dBxdQmL0d6GT,Oistins,2963.0,Prefer not to say,2018/06,96.0
208,llZHsR&T,Spanish Town,15835.0,Prefer not to say,2018-03-03,90.0
209,PF&qm#8&,Vieux Fort,903.0,Prefer not to say,2018/11,18.0
210,i^0uyF,Sandy Point,13153.0,Male,2016/05,7.0
211,@x&BSmtV,Vieux Fort,18168.0,Female,2018-09-10,116.0
212,Pr5zL2Z3Wk,Charlestown,14214.0,Male,2016/02/01,48.0
213,VZftsFH2,Spanish Town,10727.0,Male,2018/10/16,66.0
214,s4f#yAOfbtRG,Bridgetown,22438.0,Female,2016/01/13,72.0
215,XKX5E!GS69t6,Bridgetown,13297.0,Prefer not to say,2017/02/25,91.0
216,VNBYs8n*5M0g,Spanish Town,3180.0,Female,2017/12/31,19.0
217,utu1p&0u8JFos4mf,Montego Bay,23311.0,Female,2017/01/28,66.0
218,6kQeqbcMWz,Bridgetown,4211.0,Female,2016/06/03,1.0
219,phrzkx,Gros Islet,4715.0,Male,2017/08/07,32.0
220,h3k5blOUiH,Castries,4655.0,Prefer not to say,2017/01/11,2.0
221,33u!hTniP9Ls,Chaguanas,7649.0,Non-binary,2017/05/25,60.0
222,i5XyJsUh8F,Bridgetown,9702.0,Female,2016/11/17,97.0
223,pgP9Vs,Gros Islet,2659.0,Prefer not to say,2016-07-02,57.0
224,9ffCDtr#,Spanish Town,24387.0,Non-binary,2017/10,50.0
225,nAzMBMU7gDGB,Warrens,0.0,Non-binary,2018/05/05,38.0
226,8wbolE,Oistins,15701.0,Male,2018/01/22,60.0
227,7SLs@*0U3l,Charlestown,21778.0,Male,2018/04/15,13.0
228,EZMA*mydcd,Montego Bay,11517.0,Female,2018/10,48.0
229,8eP N5B0m,Warrens,15933.0,Male,2018/10/07,56.0
230,c^V*n18eJ32i,Bridgetown,9841.0,Male,2016/10/07,31.0
231,si9$jvF0UCH0h3fP,San Fernando,9202.0,Prefer not to say,2016/10/08,11.0
232,OPEySNyQ,Chaguanas,8871.0,Prefer not to say,2017/06,58.0
233,OprxpUgfiJn&,Basseterre,17750.0,Female,2018/04/12,58.0
234,5BDmk044tXWc,Basseterre,12433.0,Prefer not to say,2018/01/06,62.0
235,vC% ^zeWU,Chaguanas,15409.0,Prefer not to say,2017/01/01,99.0
236,##h Yrv,San Fernando,21212.0,Non-binary,2018/04/24,38.0
237,MYFscD4G,Gros Islet,2220.0,Non-binary,2016/02/20,80.0
238,p4!3$e#itWQ4Issz,Basseterre,7179.0,Prefer not to say,2017/06/12,70.0
239,Cc39IQ$M,Castries,14274.0,Prefer not to say,2017/04/26,78.0
240,tga8we,Kingston,15149.0,Non-binary,2017/11/24,88.0
241,PAE7ttekhp,San Fernando,15188.0,Prefer not to say,2016/10/14,77.0
242,n9#zBs,Port of Spain,7519.0,Non-binary,2016-06-04,35.0
243,B&KoEXQw*zb2,Basseterre,109.0,Male,2018/12/30,15.0
244,,,,,,
245,MrHWtJ,Vieux Fort,6956.0,Female,2017/08,84.0
246,rim an9,Vieux Fort,23915.0,Male,2018/04,52.0
247,yGqxpFqfDFfjYrBJ,Basseterre,21818.0,Male,2016-05-02,67.0
248,5zJ9XIu9,Vieux Fort,16286.0,Female,2017/01/18,39.0
249,FPfRT8E&,San Fernando,21070.0,Prefer not to say,2017/05/08,88.0
250,l#DJa2,Castries,23781.0,Male,2016/03/12,87.0
251,^Q5u&B52w4JOHBcz,Chaguanas,17614.0,Female,2017/02/24,101.0
252,JRdebddd,Montego Bay,16093.0,Female,2018/11/04,3.0
253,pE0tI$DPVgUNvWff,Oistins,24028.0,Non-binary,2018/03/30,37.0
254,V^3BnNGk,Spanish Town,18864.0,Female,2016/04,37.0
255,snlm6^7p,Kingston,6056.0,Male,2018/10/15,36.0
256,hjNjp^Kn,Charlestown,17567.0,Prefer not to say,2016/09/20,108.0
257,Xt6jPB,Bridgetown,11226.0,Non-binary,2018/02/05,15.0
258,LKxc5G,Bridgetown,7308.0,Non-binary,2016/03/03,22.0
259,,,,,,
260,hJkLjPg60w%z40sg,Port of Spain,5274.0,Female,2016/12/16,117.0
261,aWoC2E$O,Port of Spain,14802.0,Male,2016/11/26,112.0
262,4D2 D*Fo$w*O0,Chaguanas,11445.0,Non-binary,2016/05/29,98.0
263,E3*K*cuqeQ,Spanish Town,21519.0,Male,2018/08/02,68.0
264,z@e&O^aZxEVgIdUX,Port of Spain,22397.0,Non-binary,2017/12/04,73.0
265,nYV Ud!%HXPcP!KHC,Kingston,23885.0,Male,2017/10/11,79.0
266,X^p^8hq9aIUq,Gros Islet,10398.0,Non-binary,2016/02/22,108.0
267,POiAaP,Warrens,16885.0,Male,2017-01-24,16.0
268,%F1H!u,Kingston,20270.0,Female,2016/12/25,87.0
269,xwtB0vm2Pj,Spanish Town,23445.0,Female,2016/05/23,42.0
270,r%FqtdmrUY,Spanish Town,18803.0,Non-binary,2016/07/10,19.0
271,yhza18kA@losYgtt,Basseterre,20413.0,Male,2016/01/28,58.0
272,bPrtKWqcyU,Castries,886.0,Non-binary,2016/11/27,71.0
273,0DqqK^,Chaguanas,22186.0,Non-binary,2017/05/29,0.0
274,Jl!u2%f*b%mU,Warrens,6537.0,Prefer not to say,2018/12/17,57.0
275,Zu4G3Y3t,Chaguanas,21466.0,Non-binary,2016/12/18,78.0
276,Ciz74p1WLn0W,Sandy Point,21637.0,Male,2016/08/04,7.0
277,$#5sok4c&#L$dj*Z,Montego Bay,19519.0,Prefer not to say,2018/05/17,64.0
278,TDpHl2,Spanish Town,14067.0,Female,2016/07/28,20.0
279,I&Z&#Df3,Castries,6990.0,Prefer not to say,2016/02,46.0
280,d1Zi89i%qH,Vieux Fort,20268.0,Prefer not to say,2017-10-04,6.0
281,fSoj8k2hD&YA,Oistins,18243.0,Prefer not to say,2018/01/15,56.0
282,HZWqx1RLgn,Castries,3396.0,Female,2018/03,0.0
283,T4bI5r0Hv2jsovgA,Sandy Point,1544.0,Female,2016/11,57.0
284,AFLv!vdy&Wvj,Vieux Fort,2265.0,Prefer not to say,2018/01/06,54.0
285,bPEps&,Bridgetown,8775.0,Male,2016/07/30,14.0
286,,,,,,
287,QW4jQcf33X,Warrens,13752.0,Male,2018-07-29,67.0
288,V2xU6j,Spanish Town,10300.0,Female,2016/07/16,102.0
289,$j5gHUIqnS,Sandy Point,15401.0,Male,2017-06-20,30.0
290,loVaw7,Oistins,21418.0,Female,2017/03,52.0
291,s8zN&kBjeHQftTZC,Vieux Fort,16494.0,Male,2018-07-01,118.0
292,e*QPnf,Gros Islet,8783.0,Female,2016/04/13,14.0
293,e4Kf@m4yq7,Castries,2359.0,Non-binary,2017/11/28,46.0
294,hj*X49HfE9#IqByK,Port of Spain,15052.0,Non-binary,2016/07/14,94.0
295,olXY4Cra,Oistins,6112.0,Female,2017-12-06,28.0
296,p%!aUm3no#3B&VQk,Basseterre,23671.0,Prefer not to say,2017/04/13,19.0
297,i1Uzbq,Warrens,1541.0,Prefer not to say,2017/12/29,74.0
298,8MWfu^,Bridgetown,12555.0,Male,2017/06/05,4.0
299,Wv6yqvXr3plLsGB0,San Fernando,21846.0,Female,2018-01-19,67.0
300,@Q6ZIQzUE3,San Fernando,19527.0,Male,2017/05/05,111.0
301,H*zFu1,Castries,18251.0,Non-binary,2018/10/17,63.0
302,C475q3ZP,Montego Bay,21711.0,Male,2016-09-09,27.0
303,St%Ywdx!FS,San Fernando,13012.0,Female,2016-09-04,103.0
304,Cxl@3H&HZ9zP4Hqs,Kingston,2184.0,Female,2017-09-16,83.0
305,UXiOJ8fUOGjw,Basseterre,8310.0,Male,2017/02/17,96.0
306,9Dkxq4Xd6R^&,San Fernando,8922.0,Non-binary,2018/06/10,38.0
307,GQec0F,Sandy Point,3608.0,Male,2017/11/17,44.0
308,jNpYFFHJ5K,Vieux Fort,5679.0,Female,2016/01/21,35.0
309,nroA7QYT^Y,Basseterre,6242.0,Prefer not to say,2018/04/12,13.0
310,eOsJWg,Bridgetown,14694.0,Non-binary,2016/08/08,112.0
311,42s9SO,Bridgetown,14883.0,Male,2017/06/14,69.0
312,xHgXU*,Port of Spain,2770.0,Female,2018-05-01,95.0
313,tTnGTwOo,Basseterre,24249.0,Female,2017/11/08,59.0
314,GxY2AuO1DIx5,Bridgetown,1377.0,Male,2017/08/30,23.0
315,&ffI&Cui,Warrens,10135.0,Non-binary,2017/07,51.0
316,swjyxcNifKuG,Castries,11397.0,Male,2017/07/07,67.0
317,hh5Y&3u63FDwA#XA,Spanish Town,17713.0,Male,2018/09/14,12.0
318,jq740o6#,Warrens,10687.0,Male,2016-10-19,52.0
319,TKZJj$y#Mo07FK6%,Chaguanas,19720.0,Female,2017/03/29,112.0
320,nS1 Ebt5Vbg,Basseterre,13580.0,Female,2017/08/28,32.0
321,vMeWsqoPS3,Montego Bay,5594.0,Female,2017/05/25,84.0
322,2I&*FSPP,Montego Bay,14880.0,Non-binary,2017/08/28,101.0
323,eQD!$&dC,Port of Spain,4005.0,Prefer not to say,2017/12/30,61.0
324,iNCAYrGW3HRg,Spanish Town,12147.0,Prefer not to say,2018-11-27,107.0
325,y5k7bQ^MHQmIA2@u,Sandy Point,18910.0,Female,2018/02/04,106.0
326,qYcppEkb,Gros Islet,22844.0,Prefer not to say,2018/04/01,26.0
327,5FlQXWE!xT,Gros Islet,8352.0,Non-binary,2017/10/24,26.0
328,*ar!BbHs!1A2r$nH,Castries,23164.0,Male,2017-07-08,98.0
329,$CDBZK85bG,Warrens,15133.0,Male,2017/07/11,27.0
330,sJ*7d8tX,Kingston,22529.0,Prefer not to say,2016/12/13,119.0
331,*dbR78Odhm@F,Kingston,8319.0,Non-binary,2016-10-23,97.0
332,IkscIN58xWcAx1TO,Gros Islet,17710.0,Prefer not to say,2017/07/05,33.0
333,qk3MfgZ^zYqzPDJ*,Warrens,48.0,Male,2018/11/23,98.0
334,Er@z6&6f,Basseterre,21697.0,Non-binary,2017-10-25,35.0
335,34sgmhrIcr*l,San Fernando,570.0,Female,2016/08/25,120.0
336,wChH20dgkqF%,Warrens,21466.0,Male,2017/11/12,46.0
337,k!0&vuOmq6xY,Port of Spain,13526.0,Female,2018/02/13,14.0
338,cZJKlpm@,Kingston,2985.0,Male,2017/05/05,12.0
339,gkl JebAM8oEn@m71,Charlestown,17317.0,Prefer not to say,2018/11/14,78.0
340,&z!RDf,Chaguanas,21918.0,Prefer not to say,2016/08/30,108.0
341,ja9bBzUf%HuK,Vieux Fort,9528.0,Prefer not to say,2017/07,53.0
342,Por*j5@Qmr,Gros Islet,4631.0,Female,2018/01/10,33.0
343,cx4LjM#P6xXguwQH,San Fernando,13682.0,Male,2016-03-02,66.0
344,,,,,,
345,u*VoKIZDeV,Bridgetown,2634.0,Prefer not to say,2017/01/13,58.0
346,3Ea*CeYPHhuS,Montego Bay,21164.0,Non-binary,2018/06/09,0.0
347,vfvxjVMEeJH*eCwu,San Fernando,19034.0,Non-binary,2016/02/24,95.0
348,QYOrhpsF@Zzj,Basseterre,13878.0,Non-binary,2018-07-07,29.0
349,vniTDQTb,Oistins,8335.0,Non-binary,2017/02,112.0
350,,,,,,
351,fr0ZaHRgU3yx,Gros Islet,15920.0,Female,2018/03/11,90.0
352,oAz0obHK,Charlestown,9578.0,Male,2016-06-26,63.0
353,Ij@vCIS2Qz,Basseterre,16412.0,Non-binary,2016/03/07,28.0
354,#%HJB6gYWk*5,San Fernando,1343.0,Prefer not to say,2018/06/28,54.0
355,rxx108,Charlestown,20866.0,Non-binary,2018/06/25,50.0
356,w$k&u!pt1PAD7l6a,Kingston,20215.0,Non-binary,2016/06/03,68.0
357,^gnWGs$lQa,Warrens,17254.0,Non-binary,2016-08-18,113.0
358,6hw1yH,Port of Spain,5984.0,Non-binary,2016-09-29,114.0
359,JcFZI$*spT,Vieux Fort,15879.0,Male,2018/04/21,16.0
360,tFBP9Z$7@5xV,Oistins,21568.0,Prefer not to say,2016/02/04,103.0
361,MurLbQth%xDR,Charlestown,10918.0,Prefer not to say,2016/11/30,9.0
362,hC1lwfsQjz,Montego Bay,10530.0,Female,2017/06/07,104.0
363,IYUFoYg!8a,Oistins,18175.0,Prefer not to say,2018/02/21,55.0
364,c##g3!f#9f,Charlestown,21502.0,Prefer not to say,2018/08/21,60.0
365,zk4iLXjR,San Fernando,194.0,Male,2016/01/18,16.0
366,pvhEds,Charlestown,19350.0,Male,2017/04/06,15.0
367,QYZuvVtp@@,Basseterre,2326.0,Non-binary,2017/10/09,44.0
368,HUBmO7gO6pk^,Sandy Point,23954.0,Female,2017/03/20,104.0
369,rPEuY6WxHv48EuC&,Montego Bay,10521.0,Female,2016/05/22,28.0
370,q@577BAj,Oistins,9748.0,Female,2018/07/17,47.0
371,TZH0jK5IO!An%B!*,Charlestown,3418.0,Non-binary,2016/11/30,24.0
372,!i$#^sqA5^*9hQ*L,Basseterre,6597.0,Prefer not to say,2018/07/09,52.0
373,G83JaagX,Castries,6605.0,Prefer not to say,2016/04,38.0
374,dJiBIb3i,Vieux Fort,464.0,Non-binary,2017/05/28,83.0
375,7yNtfD,Bridgetown,18695.0,Prefer not to say,2017/07/27,53.0
376,Vl^l7*,Chaguanas,1855.0,Female,2016/05/24,56.0
377,$iTiP@hMV$Xv,Chaguanas,21202.0,Prefer not to say,2016/10/27,18.0
378,fFOf1!P6$0%C,San Fernando,20246.0,Male,2017/09,6.0
379,PY&je4,Warrens,7141.0,Male,2016/11/24,90.0
380,QVMuDD,Spanish Town,2697.0,Prefer not to say,2016/12/05,85.0
381,9XhGA!5Kdq,Bridgetown,4572.0,Non-binary,2016/05,26.0
382,PtMJZp,Chaguanas,12497.0,Non-binary,2016/04/02,118.0
383,Z9sx&&DaM8,Charlestown,264.0,Non-binary,2018/05/20,24.0
384,kPliGD39,Bridgetown,23641.0,Female,2017/01,55.0
385,Ltd Z09,Gros Islet,12379.0,Male,2017/01/29,22.0
386,QqBMx#ZMM4,Gros Islet,13263.0,Female,2018/03,47.0
387,FZVuK4IY,Montego Bay,6963.0,Non-binary,2016/10/28,60.0
388,,,,,,
389,05d0CB,Charlestown,3289.0,Non-binary,2018/10/07,4.0
390,uet^11pZ*e,Bridgetown,17810.0,Prefer not to say,2016-10-03,12.0
391,lLlpq&6MOr!jB38$,Sandy Point,7136.0,Non-binary,2017-06-02,43.0
392,7*J%^T,Kingston,24917.0,Non-binary,2017/07/16,28.0
393,a00*hI,Warrens,10706.0,Male,2017/07/02,102.0
394,yO4sv^qa3L,Warrens,15385.0,Prefer not to say,2016/02/21,29.0
395,ZbOQPS@V,Port of Spain,13076.0,Non-binary,2016/04/29,28.0
396,xPb&KxEsGwBM,Bridgetown,9094.0,Male,2017/08/19,119.0
397,3Yxl4um!,Kingston,19214.0,Male,2017/05/05,27.0
398,mWsxRWJ@i$VT,Vieux Fort,3875.0,Non-binary,2016-02-24,20.0
399,qFioY94d,Basseterre,19866.0,Non-binary,2016/10,89.0
400,&Hn!z@0RjRA^,Warrens,11974.0,Prefer not to say,2018/05/22,35.0
401,1PX&Qosg,Sandy Point,18025.0,Female,2016/04/16,26.0
402,hIO iY!Z4,Montego Bay,22141.0,Prefer not to say,2016/06/24,48.0
403,JgoysHVlBVga,Warrens,6256.0,Female,2016/03/27,1.0
404,,,,,,
405,22!Aazat$R,San Fernando,4098.0,Female,2016/09/19,61.0
406,JsyLL!Bg,Basseterre,20152.0,Non-binary,2017/01/08,11.0
407,1go Q@okQ,Sandy Point,16121.0,Female,2018/10,81.0
408,02Us%sNY,San Fernando,21354.0,Male,2016/03/18,67.0
409,QJi Q*xgD,Charlestown,7218.0,Female,2016/07/12,15.0
410,Z!29m$,Vieux Fort,13011.0,Female,2017-05-10,72.0
411,V&dOdjLp,Charlestown,14654.0,Prefer not to say,2016/11/03,1.0
412,y0A pcXvf,Warrens,12813.0,Non-binary,2017/03/24,92.0
413,I#zLDT2u,Warrens,7990.0,Prefer not to say,2017/07/05,21.0
414,D!sOISaEdi1r,Oistins,24852.0,Non-binary,2016/12/07,23.0
415,@C^ySSLRkH,San Fernando,12624.0,Female,2018/06/24,1.0
416,hNQeQ*sq14Dm,Basseterre,15446.0,Non-binary,2018/12,25.0
417,pnPc0so7qXRi,Vieux Fort,16837.0,Prefer not to say,2017/10/12,103.0
418,NShvO#Z5,Kingston,8013.0,Non-binary,2016/12/12,30.0
419,C1bE&l9FWb7$,Kingston,5908.0,Male,2018/01/14,60.0
420,##1s2E,Kingston,9893.0,Non-binary,2016/07/28,37.0
421,XOW&X$9cBW,Basseterre,12357.0,Male,2016/02/11,14.0
422,,,,,,
423,oXCy1pEj,Warrens,9124.0,Male,2016/05/16,107.0
424,YDH THmAGODmOXBgF,Vieux Fort,15416.0,Male,2016/12/17,94.0
425,E3ONbm*m,Gros Islet,8977.0,Female,2018/08/15,39.0
426,dzOXOI,Spanish Town,7552.0,Non-binary,2017/01/19,24.0
427,W3G e#3UKwKFwXrQR,Kingston,18004.0,Male,2018/07/21,35.0
428,H6c0n6c3gkH4kkdB,Gros Islet,20011.0,Prefer not to say,2017/09/28,105.0
429,MeqQhE,Vieux Fort,10926.0,Female,2016/10/27,24.0
430,n&jtzCV4,San Fernando,16246.0,Non-binary,2017/06,111.0
431,17TkN4SzMljO,Warrens,8060.0,Non-binary,2016/02,73.0
432,#ZOklnO#B5JZ2jNN,Oistins,7587.0,Female,2016/12,8.0
433,lG6#RvH6MMqayPHK,Castries,8766.0,Prefer not to say,2016-04-28,66.0
434,W6SwB&,Castries,16875.0,Non-binary,2017/05/25,112.0
435,lmg0UMOO603ENPMp,Castries,21762.0,Non-binary,2016/06/20,63.0
436,I@labSDr,Gros Islet,10966.0,Male,2017/01/07,53.0
437,k##Q3YHAem,Castries,9156.0,Prefer not to say,2017-10-22,71.0
438,qETl08BhQCqY,Spanish Town,13841.0,Prefer not to say,2017/07/28,106.0
439,u#!J&6JliL^Xu24P,Charlestown,16525.0,Male,2016/11/13,35.0
440,%G3gk#,Montego Bay,1340.0,Prefer not to say,2016/05/08,88.0
441,vkTPBF,Spanish Town,18434.0,Female,2017/09/20,21.0
442,8I443SWOe9cUPMHA,Vieux Fort,1564.0,Female,2017/06/22,9.0
443,I!NmY&QV7B,Castries,24302.0,Non-binary,2018/10/06,62.0
444,ep7dyXmcj6Sd,Montego Bay,13166.0,Male,2018/09/28,16.0
445,ajIyg7Nv@ND3ZCO9,Spanish Town,2238.0,Male,2016/12/06,20.0
446,YO5HIWVBxV,Port of Spain,17598.0,Non-binary,2016/08/15,21.0
447,fb1 93n*E7WsV,Sandy Point,9781.0,Female,2018/09/23,29.0
448,myY*sY7b7J,Vieux Fort,9766.0,Male,2018/02/11,98.0
449,lQV$9bCR,Vieux Fort,20683.0,Non-binary,2018/04/06,110.0
450,k8EfDCwH,Chaguanas,19125.0,Non-binary,2017/12/20,59.0
451,Ab#HW^,Montego Bay,7301.0,Prefer not to say,2018/05/09,84.0
452,gsBDGJWc,Warrens,17401.0,Non-binary,2017/06/08,44.0
453,,,,,,
454,!NRktcsuak!UMUIi,San Fernando,24082.0,Male,2017/03/18,90.0
455,I&R #m6,Oistins,21215.0,Male,2016/06/19,21.0
456,M7E0uXqS,Oistins,12333.0,Non-binary,2017/04/08,68.0
457,,,,,,
458,1199kTFcvv,Sandy Point,8513.0,Female,2017/07,28.0
459,Sw$8CQ6z,Basseterre,23415.0,Prefer not to say,2016/09/14,16.0
460,gIttMRYNjk,Gros Islet,22675.0,Prefer not to say,2016-10-01,9.0
461,thOX#T156j,Charlestown,17137.0,Female,2016/03/13,48.0
462,aoL5ty6A,Gros Islet,17263.0,Prefer not to say,2017/12/20,101.0
463,erS^S2,Vieux Fort,1886.0,Male,2018/11,92.0
464,9rNWmYBbzKF^Chdd,Bridgetown,4760.0,Non-binary,2016/09/22,36.0
465,fHn%v#bRi0Z3f*ox,Warrens,17586.0,Prefer not to say,2017/04,107.0
466,0aXkdH6l#pnqOWsM,Warrens,19242.0,Female,2016-04-07,115.0
467,XIO8qt6P8I,San Fernando,24873.0,Prefer not to say,2016/03/15,68.0
468,hJ4L%Z,Basseterre,14553.0,Female,2017/07/23,21.0
469,%M0RVuDn,Oistins,5071.0,Non-binary,2018/03/05,84.0
470,UUm9DO,Oistins,4335.0,Prefer not to say,2016/12/21,6.0
471,1j6yHG,Oistins,8028.0,Prefer not to say,2018-03-25,15.0
472,3E2#yO,Chaguanas,18601.0,Non-binary,2016/08/25,100.0
473,hXv9^9gvTm,Montego Bay,7450.0,Prefer not to say,2017/03,118.0
474,ULu AAdb*,Port of Spain,15464.0,Male,2018/08/20,86.0
475,PTQ lccUk,Oistins,8903.0,Male,2018-05-14,100.0
476,icXm3YH7ad,Chaguanas,23104.0,Prefer not to say,2017/05/15,17.0
477,hN@ZwRzUfn,Basseterre,17811.0,Prefer not to say,2017/11,98.0
478,@lny5CcNQ70s,Gros Islet,15024.0,Prefer not to say,2016-08-27,93.0
479,YgCB%!*%Ts,Sandy Point,19055.0,Male,2017/06/14,74.0
480,2U#O5#C@Q1jW9^NB,Basseterre,6196.0,Prefer not to say,2018/03/15,20.0
481,yrqFI9,San Fernando,3642.0,Male,2016-01-30,41.0
482,XLK1TFaGVV,Bridgetown,957.0,Male,2018/02,86.0
483,nwehAAGNe6,Bridgetown,16741.0,Male,2018-06-30,114.0
484,1gLH11U#,Basseterre,14467.0,Female,2016/11/09,19.0
485,,,,,,
486,hKCC2V4W5t,Chaguanas,24988.0,Male,2018/08/01,83.0
487,StXHvhKk,Gros Islet,16266.0,Female,2016/04/29,104.0
488,3AxHVFOs4nmolh%V,Gros Islet,5074.0,Non-binary,2016-07-27,18.0
489,wF6n9G8xkH,Bridgetown,9097.0,Female,2018/06/09,58.0
490,KL9F2S0piU0ZrqEh,Vieux Fort,13561.0,Male,2017/03/05,1.0
491,S$Q$ZWDT3P,Port of Spain,1456.0,Male,2016/12/09,20.0
492,Xr2*Rx8s^7WdFta#,Oistins,23391.0,Female,2018/08/20,120.0
493,GftQRRL0,Spanish Town,21991.0,Prefer not to say,2018/12/30,88.0
494,,,,,,
495,,,,,,
496,eUvT9O,Gros Islet,2249.0,Male,2017/01/15,37.0
497,lLNeu^,Montego Bay,20513.0,Prefer not to say,2018-11-02,61.0
498,IHV3d@jG,Vieux Fort,22014.0,Female,2018/08/03,44.0
499,B7hd@nO%,Sandy Point,10979.0,Female,2016/08,53.0
500,!zYysE&ceHE0G4U%,Warrens,16822.0,Non-binary,2016/12/31,90.0
501,zWjl%v,Gros Islet,11074.0,Non-binary,2016/11,66.0
502,^D&VhP5cyHdk,Port of Spain,9990.0,Male,2018-09-01,89.0
503,5AIN7K,Gros Islet,13272.0,Female,2016-11-02,113.0
504,pAgr1PWJ68mkR%qi,Sandy Point,9942.0,Male,2018/10/11,7.0
505,duvZ9h0Z0cs*3UAB,Chaguanas,14242.0,Male,2016/11/12,88.0
506,,,,,,
507,z9dhTAZ0Ayr@3DBH,Castries,6698.0,Prefer not to say,2018/11/19,35.0
508,^Vo91X,Vieux Fort,6690.0,Non-binary,2018/11,86.0
509,dqQbY3,Kingston,5003.0,Female,2018/04/29,77.0
510,3Vzj8h$!Be,Vieux Fort,12826.0,Female,2018-07-05,71.0
511,cz@m1L,Charlestown,10870.0,Prefer not to say,2018/10/26,56.0
512,htEf$XJYvH,Gros Islet,22.0,Non-binary,2016/06/16,23.0
513,0#iffMpO%CBBVq*1,Spanish Town,1795.0,Prefer not to say,2016/07/13,94.0
514,NsAuUc,Charlestown,18208.0,Non-binary,2016-09-25,83.0
515,op3gi*kp,Spanish Town,23065.0,Prefer not to say,2016-04-10,101.0
516,f*j@nGeEI2PH,Chaguanas,11766.0,Prefer not to say,2017/08/08,67.0
517,q5XkpXXr*Z3b,Port of Spain,8962.0,Male,2018-12-06,39.0
518,Qzlyp$IV,Charlestown,7289.0,Non-binary,2016/10/28,27.0
519,XtNu0S7%3BQU#85K,Port of Spain,8176.0,Non-binary,2017/06/20,60.0
520,5kqh8OAjBXUynVrY,Port of Spain,19502.0,Prefer not to say,2018/07/12,55.0
521,@U*T0i^^#l8$Zgqo,Basseterre,22471.0,Female,2018/10/13,58.0
522,rutpx&qpB#1&,Bridgetown,6631.0,Non-binary,2016/11,23.0
523,WG^mk0RS,Warrens,18317.0,Prefer not to say,2017/12/09,104.0
524,!ZoUde,Sandy Point,15082.0,Female,2018/02/19,29.0
525,whU$X4uI,San Fernando,13313.0,Prefer not to say,2018/10/13,48.0
526,Q%4XXHH4kS,Kingston,7766.0,Prefer not to say,2016/09/04,76.0
527,lTa XBwGdOn,Port of Spain,10999.0,Male,2017/09,33.0
528,P5V I8^AR,Basseterre,6147.0,Prefer not to say,2018/10/22,42.0
529,,,,,,
530,,,,,,
531,SM^K5B,San Fernando,3226.0,Non-binary,2017/11/24,31.0
532,6XnRbL$KoPd$rGK0,Warrens,12193.0,Male,2017/05/23,60.0
533,7Hn32qzR1!pt,Charlestown,20565.0,Male,2017/08/16,79.0
534,11$gTaMld#1g,Vieux Fort,22256.0,Female,2016/08/09,26.0
535,F@fxaE*5%vi&,Kingston,8442.0,Prefer not to say,2018/08/29,109.0
536,BQFlPQ3ZNszJbtWb,Gros Islet,22134.0,Female,2016/04,100.0
537,6#XagTRiqY,Castries,22446.0,Prefer not to say,2018/12/16,120.0
538,yxx#820Ax!,Oistins,19614.0,Female,2016-08-19,27.0
539,btrnZ6,Gros Islet,2832.0,Prefer not to say,2016/11/02,120.0
540,aT3!f2,Montego Bay,15501.0,Female,2017/06/26,67.0
541,PN*#eO,Gros Islet,7644.0,Prefer not to say,2016/12/13,87.0
542,W^n6W4VeTm,Montego Bay,23075.0,Non-binary,2018/08/18,82.0
543,ip3$cpdC3aiJ,Castries,3446.0,Non-binary,2016/08,104.0
544,6K^wTfg@Tn27I^18,Kingston,20042.0,Male,2018/10/02,11.0
545,fPY^q$9V,Basseterre,4503.0,Male,2017/07/21,103.0
546,k6MAjqMBMOASF#ji,Port of Spain,17067.0,Non-binary,2016-05-03,8.0
547,oan^j#*1,Oistins,5287.0,Prefer not to say,2016-09-09,43.0
548,,,,,,
549,iQ3Oo4mV8vhQwMwv,Castries,14752.0,Non-binary,2018/10/27,66.0
550,n1NIpOytod,Port of Spain,4569.0,Non-binary,2018/08/28,39.0
551,Y8Mg*@!rjf5R,Spanish Town,5828.0,Prefer not to say,2016-12-06,58.0
552,6Dk%VEjk2x,Charlestown,13585.0,Male,2017/11/12,25.0
553,d0@NRn,Kingston,20752.0,Female,2017/12,39.0
554,2F@BjlNAEn,Chaguanas,8284.0,Female,2017/01/27,8.0
555,@GBANNqnf0,Vieux Fort,11709.0,Prefer not to say,2018/06,110.0
556,6ufJ#8CeJUoGOR#0,Oistins,4594.0,Female,2017/10/09,120.0
557,z6JxhSTSRC,Chaguanas,14535.0,Non-binary,2017/06,19.0
558,p#77bD,Chaguanas,24270.0,Male,2017/01/27,65.0
559,v7V k8h,Chaguanas,885.0,Male,2017/02/21,4.0
560,zHrO2pp0nO,Castries,6384.0,Non-binary,2016/02,63.0
561,qTxJ8@!9GK,Gros Islet,15159.0,Male,2017-12-26,77.0
562,7d4sYrUn9L,Chaguanas,22893.0,Non-binary,2016/08/06,16.0
563,Xn70IdJfJXRU,Montego Bay,5982.0,Male,2017/01/18,44.0
564,WRB@iUT8FodT,Bridgetown,22425.0,Prefer not to say,2016/02/26,80.0
565,0eqEAjP%7S,Chaguanas,13867.0,Prefer not to say,2016/03/29,106.0
566,n*pKrfNCIP,Chaguanas,11793.0,Non-binary,2016/07/06,79.0
567,Bo3 IT%sHF4*bI4aL,Kingston,880.0,Non-binary,2018/03/06,0.0
568,dzIjFZRy,Sandy Point,9296.0,Male,2018-09-05,102.0
569,@NiJv!#UDiGn##8w,Gros Islet,15826.0,Female,2017/04/17,114.0
570,,,,,,
571,Eckno$Hc,Port of Spain,14846.0,Male,2017-12-28,95.0
572,o3qH2N81vzY&Kr3^,Charlestown,1358.0,Non-binary,2017/11/20,27.0
573,lJbEg@OO^KiJuhsK,Kingston,22206.0,Non-binary,2016/09/17,60.0
574,RFBqIw,Kingston,14743.0,Female,2017/01/05,94.0
575,,,,,,
576,p9vN7dELJ1BC,Montego Bay,23056.0,Non-binary,2018-03-20,66.0
577,9Vz6qD!Y0f,Castries,19901.0,Non-binary,2018-08-01,86.0
578,Z6dg4#tNMZ3Y,Sandy Point,24065.0,Male,2017/05/08,32.0
579,$Yv#X%%8vIGG,Chaguanas,6667.0,Prefer not to say,2016/07/15,46.0
580,iLawkv!f,Kingston,9634.0,Non-binary,2016/08/24,80.0
581,E%b*zKowAvoWbdVB,Warrens,16190.0,Female,2018-08-17,94.0
582,,,,,,
583,FrxdpEqbUnlu,Sandy Point,1606.0,Prefer not to say,2016/07/02,100.0
584,phpmJQ0@Z741jRqI,Vieux Fort,5313.0,Prefer not to say,2018-08-29,46.0
585,cuGdF#Z2z^NX,Sandy Point,20669.0,Male,2016/08/26,112.0
586,v^1xByU6eKJI,Montego Bay,7786.0,Female,2016/12,84.0
587,^@VpUEah7OpHVj^C,Port of Spain,20830.0,Female,2018/04/26,57.0
588,I4kSbn,Vieux Fort,23003.0,Non-binary,2018/07/16,33.0
589,vF&2iTVv%PI6,Montego Bay,145.0,Non-binary,2018/05/08,39.0
590,vrWNKn^cqJSL,Chaguanas,23814.0,Non-binary,2018-10-04,98.0
591,Y@GgshC%RIe4ahHl,Montego Bay,1951.0,Non-binary,2018/10/17,24.0
592,Kni 9kX,Chaguanas,7873.0,Prefer not to say,2017/12/14,79.0
593,ngrWAO,Warrens,23504.0,Female,2018/05,71.0
594,g3P9vSveuD,Montego Bay,10532.0,Male,2016/11,112.0
595,fpMW5fD2!s,Sandy Point,8788.0,Non-binary,2018/09/30,64.0
596,PU11k1,Castries,16736.0,Male,2018/05,57.0
597,0zk2ChSu@gHAXxxS,Vieux Fort,11888.0,Non-binary,2017/12/14,26.0
598,beBu8AcBqN,Castries,21670.0,Female,2017/03/04,54.0
599,$JRbyz!gwJ,San Fernando,16427.0,Prefer not to say,2018/10/22,102.0
600,4@0IlFZk0T40,Sandy Point,20490.0,Non-binary,2018/06/27,18.0
601,,,,,,
602,OHY5zF,Warrens,16658.0,Female,2018-08-14,1.0
603,GY4DN@KFZD,Bridgetown,2837.0,Female,2017/08/01,23.0
604,*517X3eXv^OjzNcB,Gros Islet,18325.0,Female,2018/07/08,57.0
605,t^4 O4I,San Fernando,22872.0,Non-binary,2017/09,38.0
606,nnoO38FD*S,Basseterre,20499.0,Non-binary,2017/10/19,43.0
607,zvIs7l,Oistins,5079.0,Male,2017/05,12.0
608,kHa gDSZC,Basseterre,17691.0,Prefer not to say,2016/12,69.0
609,FcLXfn8u,Port of Spain,12299.0,Prefer not to say,2016/01/06,42.0
610,$N^2ke,San Fernando,17881.0,Non-binary,2017/07/14,27.0
611,v%VdvFdSd234,Sandy Point,21416.0,Male,2016/01/08,104.0
612,JiDLEgFv,Kingston,7365.0,Female,2016/02/11,7.0
613,7!vnhg9G,Gros Islet,160.0,Prefer not to say,2016/01/14,69.0
614,KaNBFUoZcrYQ94Vq,Oistins,7215.0,Female,2017/12/09,76.0
615,I!z57eJf16,Sandy Point,3588.0,Prefer not to say,2018/10/26,64.0
616,D0FNipeH,Chaguanas,17361.0,Non-binary,2016-05-06,35.0
617,GGmINaahIe4V,Kingston,21039.0,Prefer not to say,2016-05-02,41.0
618,Zan8LCcG,Montego Bay,6979.0,Non-binary,2016/02/18,26.0
619,SNFjYDiO,Basseterre,7784.0,Non-binary,2016-04-23,91.0
620,0JCQCv,San Fernando,3904.0,Female,2018/12/24,102.0
621,YtZFO3deXx,Vieux Fort,16138.0,Prefer not to say,2018-06-02,31.0
622,anI^nv,Montego Bay,526.0,Male,2017/03/29,82.0
623,01M1cr,Basseterre,12739.0,Female,2018/11/15,27.0
624,Tf^ XsPyqqC,Warrens,1184.0,Male,2018/11/10,22.0
625,urE1&Ekw8RDG,Bridgetown,11952.0,Male,2016-09-10,55.0
626,gmkhLaD$,San Fernando,14948.0,Non-binary,2016/07,36.0
627,#MwcK7QFV#N58hXF,Charlestown,13574.0,Female,2016/04/15,35.0
628,@7k9trcfpcdmGw#0,Port of Spain,21592.0,Male,2017/12/08,15.0
629,D37V59@4BG,Sandy Point,12921.0,Prefer not to say,2018/05/16,103.0
630,&5W!AOb8lh,Kingston,19008.0,Female,2016-08-29,6.0
631,nlAUz8F1Uu9uO*Y4,Vieux Fort,18740.0,Male,2018/10/20,88.0
632,k83URutCVUq*,Spanish Town,21764.0,Non-binary,2016/04/10,6.0
633,bO^bna,Charlestown,18811.0,Prefer not to say,2016/06/01,23.0
634,LbOaG8,Montego Bay,6716.0,Prefer not to say,2017/06,33.0
635,uksC#J$64VXj,Sandy Point,23899.0,Female,2017/05,116.0
636,*cYu#xpZa^!!P8#s,Warrens,11920.0,Female,2017/01/07,18.0
637,2@pi64OA4v,Port of Spain,6222.0,Female,2018-07-10,105.0
638,vNk C8n9Ea2ye^V^B,Kingston,10435.0,Prefer not to say,2016/02/22,116.0
639,^ctKoc,Vieux Fort,21443.0,Non-binary,2016/10/09,61.0
640,Q3S#fCYB,Bridgetown,23908.0,Female,2018/05/04,21.0
641,#oY0&n,Castries,4169.0,Prefer not to say,2018/09/27,4.0
642,m2eJwWkHG5l1,Basseterre,19757.0,Male,2017-06-19,114.0
643,s3tlA&Gp,Castries,4957.0,Prefer not to say,2016-08-03,31.0
644,L3Q#$pLX&56L,Kingston,13003.0,Female,2017/03/29,13.0
645,hpC#^UyjoTJE9*mU,Vieux Fort,20941.0,Male,2018/05/01,7.0
646,ie9Tx2^Y1Vg&B1lY,Basseterre,15806.0,Female,2017/04/18,29.0
647,PGeoLFL!,Sandy Point,11016.0,Male,2016/10/23,112.0
648,1HcogkNZdlzA,Bridgetown,15576.0,Female,2018/01/11,9.0
649,CUVl83EUxHoE,Sandy Point,2800.0,Prefer not to say,2016/09/06,59.0
650,m9nOoliH,Charlestown,11530.0,Prefer not to say,2016/03/16,86.0
651,O8WT2Hbd,Montego Bay,4734.0,Non-binary,2017/12/13,89.0
652,GPyDm3IOb3eP,Castries,8987.0,Female,2018-06-03,61.0
653,OgGaB8cko%PY,Oistins,3108.0,Female,2016/04/20,102.0
654,uAEkxQX!,Montego Bay,5894.0,Female,2018/11/06,79.0
655,CaUT!@CYLx,Charlestown,1453.0,Male,2017/05/25,41.0
656,T4%A9vpCo2xrWg%a,San Fernando,18837.0,Non-binary,2017/04,41.0
657,,,,,,
658,V%qf9smYxI,Montego Bay,5207.0,Female,2018/04/28,102.0
659,xeOHhUkVP1,Vieux Fort,2364.0,Non-binary,2017/05/30,49.0
660,sKY2rO42hky^f8Qk,Charlestown,14183.0,Non-binary,2018/08/24,46.0
661,xGNk*Dx$ilE4qIJ@,Castries,15676.0,Prefer not to say,2017/12/19,12.0
662,hkpyUuWGqRAo,Sandy Point,15337.0,Female,2016/03/14,100.0
663,ITRR8X0AER,Charlestown,21139.0,Prefer not to say,2017/08/07,46.0
664,GrJ!n1KioXy2Qc8w,Bridgetown,6832.0,Prefer not to say,2016/01/08,48.0
665,in*t7mH3,Charlestown,16413.0,Non-binary,2017/01,60.0
666,sJN$F7sY7!E$,Spanish Town,10379.0,Prefer not to say,2016/01/17,13.0
667,U4^mLYCTOdkA,Basseterre,16373.0,Male,2018-09-12,84.0
668,uuHba1jA^WQI2Zgv,Bridgetown,4951.0,Prefer not to say,2018-10-25,42.0
669,#1o!RHn%u@,San Fernando,9142.0,Male,2016/09/10,85.0
670,0#oLta,Sandy Point,1237.0,Female,2018/01/23,55.0
671,wDMpHAbt,Bridgetown,5779.0,Male,2016/03/19,62.0
672,RTnOpY4Wj3,Bridgetown,20071.0,Prefer not to say,2018/06/14,69.0
673,3hCO1a&@eX,Castries,6162.0,Female,2018-11-06,69.0
674,xbVr&UjO,Gros Islet,24532.0,Female,2016/11/11,89.0
675,zftVwAgWgU0z0f4k,Charlestown,19535.0,Non-binary,2017/08/24,29.0
676,zbJtAEC%,Warrens,1403.0,Male,2018/09/21,7.0
677,*vL7@g7Um^Yrna#0,Charlestown,2460.0,Prefer not to say,2016/05/07,33.0
678,fI&FyG1O*W6rXhxm,Sandy Point,24082.0,Prefer not to say,2016/07/20,93.0
679,JGF zo@*u5CeT903r,San Fernando,21757.0,Non-binary,2016/04,20.0
680,D0&^BErz&^Xr,Kingston,20542.0,Non-binary,2017/08,81.0
681,YTPNRNFegm8%,Oistins,14661.0,Female,2018/04/13,18.0
682,hOy K@!Hkk0,Port of Spain,20551.0,Male,2018/12/11,117.0
683,J9t $BLnb05jc,San Fernando,21078.0,Non-binary,2017/12,83.0
684,1BjEQL,Montego Bay,20828.0,Prefer not to say,2016/02/10,119.0
685,a@^gG!f9,Montego Bay,4810.0,Female,2018/09,57.0
686,DjBM@QXi2m7W,Charlestown,22943.0,Female,2016-12-09,118.0
687,uHA&!rd4P5,San Fernando,181.0,Prefer not to say,2016-08-30,120.0
688,12j0Z6WblQ,Montego Bay,9858.0,Female,2018/09/20,110.0
689,PALv*a,Port of Spain,3919.0,Prefer not to say,2018/03/04,70.0
690,*%N85*$#tGB6,Chaguanas,21557.0,Female,2016/11,23.0
691,PhJvBnV0E8&k,Vieux Fort,24922.0,Male,2016/02/13,108.0
692,Xmn97tJua08g,Chaguanas,18297.0,Prefer not to say,2016/07/24,75.0
693,DBHrs4!8h&PN,Castries,20400.0,Non-binary,2017/05/11,40.0
694,,,,,,
695,5dBMmK49,Kingston,24886.0,Prefer not to say,2017-07-04,16.0
696,zHR jeX^z%tsjWs%W,Charlestown,17324.0,Female,2016/12,26.0
697,!rozw3@@,Port of Spain,19607.0,Female,2017/03/11,9.0
698,lk&Ovd1BdHoWSq6v,Port of Spain,18536.0,Female,2017/08/01,89.0
699,doZx1qPieN,Sandy Point,18581.0,Prefer not to say,2017/02/14,12.0
700,UflN3%EpIYUa,Charlestown,518.0,Female,2016/11/22,86.0
701,aG!kdDXR,Sandy Point,23556.0,Non-binary,2017/02/20,11.0
702,ftz1a4Lo!h2b,Warrens,20121.0,Female,2017-03-08,78.0
703,3nrhWKXJ09,San Fernando,20599.0,Non-binary,2016/09,72.0
704,3!Cb*C,Basseterre,14303.0,Female,2017-10-12,47.0
705,vHD!fykf,Port of Spain,22305.0,Non-binary,2016/04/02,9.0
706,0pi nK7Wv,Sandy Point,20876.0,Female,2016/09/12,85.0
707,i$eqKKZx^v,Gros Islet,221.0,Male,2018/09/30,74.0
708,qu!njUSAxU#&,Spanish Town,16672.0,Female,2016/06/01,65.0
709,tx5 %mJ2SFOF1%tFw,Montego Bay,3446.0,Male,2018/10/28,23.0
710,d1yQiE0g2U8L,Spanish Town,7658.0,Prefer not to say,2016/12/06,79.0
711,9%wQ*j,San Fernando,3936.0,Female,2017/04/26,38.0
712,5UUO8M%WBt,Bridgetown,14434.0,Prefer not to say,2017/08/23,97.0
713,yIx1cVyE^*uN3ZWg,Port of Spain,21461.0,Male,2017/02/08,108.0
714,,,,,,
715,#Yb%9%2DkMp*,Sandy Point,21273.0,Male,2016/01/15,69.0
716,8TdnyB,Kingston,17502.0,Female,2017/09/12,32.0
717,GRKnqn7W,Chaguanas,5551.0,Male,2018/07/23,88.0
718,zECEQ3NtclIGP5YW,Gros Islet,24502.0,Female,2017/09/11,9.0
719,BRHxR3q&2a,Basseterre,4297.0,Female,2016/11/14,101.0
720,cPGchvAn,Oistins,9880.0,Prefer not to say,2017/08/15,3.0
721,R9x$F5,Sandy Point,1751.0,Female,2016/02/12,105.0
722,9Em9k*,Castries,14515.0,Non-binary,2016/06/12,67.0
723,IAeWdLsEmY!r,Kingston,19925.0,Female,2018-05-27,69.0
724,J!kcB9^K*Z,Gros Islet,23311.0,Female,2017/12/15,11.0
725,b&$2knvV#c,San Fernando,4988.0,Prefer not to say,2018/06/06,94.0
726,LxRwO64W&!9C,Castries,7326.0,Female,2017/04/15,99.0
727,lP0Ygyd&hSk%BHzJ,Charlestown,13339.0,Non-binary,2016/12/18,42.0
728,49ACnxR%,Bridgetown,15619.0,Non-binary,2017/06/17,3.0
729,6%MoC*Fpw63f@&Ez,Castries,21434.0,Female,2017/10/03,36.0
730,#Ry am5KI!Gb^,Charlestown,467.0,Male,2016/01/17,69.0
731,&t*Y^9utgyb6,Bridgetown,21699.0,Prefer not to say,2018/09/25,34.0
732,#S6t$CHZB%m3kdSP,Charlestown,2650.0,Female,2017/06/11,5.0
733,xchcT6ck@KAP,Charlestown,1218.0,Female,2017-07-05,6.0
734,g&BQ4q&d,Charlestown,15734.0,Prefer not to say,2018/02,46.0
735,8oCfggwRTHZHRFEK,Oistins,12907.0,Female,2016/12/30,120.0
736,k%anW4,Oistins,16568.0,Prefer not to say,2017/10/09,7.0
737,Pyir1c,Charlestown,10061.0,Female,2018/11/23,95.0
738,QnKq$0zr,Spanish Town,12014.0,Prefer not to say,2016/07/12,92.0
739,#UfHN&UvXgsF,Bridgetown,8780.0,Female,2018/01/29,8.0
740,ffSU!Az^a6qZXaKb,Sandy Point,5953.0,Female,2018/05,60.0
741,gtYnrsBu,Bridgetown,14666.0,Male,2016/11/27,48.0
742,Kh& 66UBWiJay,Warrens,10526.0,Prefer not to say,2016/11/23,20.0
743,dXs!dLfmJM,Sandy Point,18114.0,Male,2016/02/14,97.0
744,9qCxyba9a1,Oistins,5659.0,Non-binary,2018/11/05,82.0
745,vKPztd3OIC,Charlestown,2556.0,Male,2018/08/07,56.0
746,^kfienrLL^bV,Chaguanas,13574.0,Non-binary,2017/07/16,26.0
747,b34ToIoH%DSj,Warrens,6809.0,Non-binary,2017/10/12,15.0
748,PwMc%3e2qO,Warrens,24018.0,Female,2016/03/31,54.0
749,ikeQivr7sIyc2@8@,Vieux Fort,8157.0,Prefer not to say,2018/02/20,111.0
750,IaEdx9,Chaguanas,19936.0,Female,2018/01,118.0
751,xf4Zlp,Gros Islet,21026.0,Male,2017/02,7.0
752,jOFH@Kzr@a,Montego Bay,16025.0,Non-binary,2017/06/17,114.0
753,qv74q3nc,Basseterre,7644.0,Non-binary,2016/03/16,108.0
754,BGxcbuKv!&RuzLZk,Oistins,10801.0,Non-binary,2018/02,49.0
755,CxCjSzc9c7,Sandy Point,18352.0,Female,2016/09/29,25.0
756,aePyO9XhCY,Sandy Point,17880.0,Non-binary,2016-05-03,8.0
757,htP0$z,Castries,17422.0,Male,2018-01-27,43.0
758,QEZMvxgH4e,Gros Islet,21346.0,Non-binary,2017/07,22.0
759,Xf*5ZzGw!vN47noS,Vieux Fort,22637.0,Female,2018/06/02,118.0
760,24f6nY4lI%T6sQ6&,Port of Spain,5922.0,Female,2018/05,77.0
761,ZLuSPbCU,Kingston,1347.0,Female,2018/11/21,29.0
762,odZyq05yrdWcJrLs,Chaguanas,20158.0,Male,2016-05-04,49.0
763,zpJ BE1,Sandy Point,21084.0,Prefer not to say,2016/02,3.0
764,XLAMUzI@Aqha0eoV,Oistins,9267.0,Female,2018/03/30,87.0
765,^fHyHsbe$^sP,Oistins,2544.0,Male,2016/07/25,108.0
766,yG#nbKPv,Port of Spain,3153.0,Non-binary,2018/04,72.0
767,16WRVX,Vieux Fort,20110.0,Non-binary,2018/03/24,57.0
768,6$kVRRlNTV,San Fernando,3485.0,Male,2018/02/16,47.0
769,kKF79#dV,Montego Bay,22642.0,Prefer not to say,2016/08/05,36.0
770,bKsqVCErAkMD,San Fernando,3848.0,Non-binary,2018/11/09,36.0
771,T6ii@^,Chaguanas,17171.0,Female,2018/06,94.0
772,nO1@PKpBQJTR46d6,Gros Islet,14673.0,Male,2018/12/25,41.0
773,tdxqgJja,Montego Bay,23614.0,Male,2016/09/16,32.0
774,eMh0sFxmUp7O,Basseterre,5438.0,Male,2018/03/25,62.0
775,eSwtA^CU,San Fernando,23722.0,Non-binary,2016/09/27,113.0
776,2UH LkfHz!7ev16eQ,Castries,22062.0,Prefer not to say,2016/12/16,22.0
777,4Q9Xl!ZV!uuHU%%E,Sandy Point,11006.0,Male,2017/02/17,84.0
778,oB8K5w@D,Oistins,16460.0,Female,2017/03/01,92.0
779,9wxsnOSE,Montego Bay,23643.0,Female,2016/10/02,58.0
780,0B3$Ri,Spanish Town,148.0,Non-binary,2016/09/02,60.0
781,y$l dDG4An6Pm,Castries,22831.0,Prefer not to say,2016-06-23,111.0
782,*sseY*rGRfw$,Gros Islet,22686.0,Non-binary,2018-10-17,61.0
783,MaX5r25sgIl3vzin,Oistins,7666.0,Non-binary,2017/12/08,104.0
784,,,,,,
785,,,,,,
786,vDJ0nUfIpi@g,Warrens,4146.0,Male,2017/08/02,105.0
787,ifA LzgrLlA,Chaguanas,4976.0,Female,2018/08,85.0
788,EZ9arT5OET2NIiiy,Charlestown,22114.0,Non-binary,2018/11/30,49.0
789,vEUSQxdjaoUNMNN!,Castries,5765.0,Female,2017-11-30,57.0
790,AcxuSn7X,Vieux Fort,24050.0,Non-binary,2018/05,63.0
791,gY70JRimVa,San Fernando,1037.0,Non-binary,2016/11/19,22.0
792,@WFPmL$7,Oistins,22267.0,Non-binary,2017-09-10,58.0
793,mgOaKPXn5IhdU!U%,Montego Bay,3958.0,Female,2018/05/17,14.0
794,U&u!7h0qr1,Montego Bay,15379.0,Male,2017/07/04,10.0
795,pDD8Pu,Spanish Town,5641.0,Male,2018-11-20,99.0
796,cbx $LvrJm@,Basseterre,13385.0,Male,2018/07/14,6.0
797,KRBXtqoFQfmn,San Fernando,13497.0,Male,2018/01/13,66.0
798,DdGEk8,Warrens,3787.0,Male,2017/01/04,110.0
799,EuE!6ACVuma^,Port of Spain,21054.0,Female,2018-07-18,98.0
800,edk6CoWy,Basseterre,18641.0,Male,2016/06/06,104.0
801,n&ggVJ,Sandy Point,7836.0,Prefer not to say,2016/12/27,75.0
802,%eAlgtWtD4dUeX6L,Bridgetown,11632.0,Non-binary,2016/09/14,116.0
803,,,,,,
804,#C2HPH5V59,Bridgetown,24883.0,Female,2016-08-08,114.0
805,t7RvB4ncbsVXyOj!,Sandy Point,16156.0,Non-binary,2017/01,96.0
806,Bn1 s5Sv!N0gk,Montego Bay,2043.0,Female,2017/03,120.0
807,WzIoaW,Sandy Point,14616.0,Male,2018/03/10,4.0
808,^gQ7SQavLs,Montego Bay,13936.0,Prefer not to say,2017/02/03,5.0
809,Weu3NifG@p1MPGP#,Gros Islet,8423.0,Non-binary,2016/04/30,93.0
810,LTzwBrFNQFBSX1$u,Bridgetown,11669.0,Female,2018/08,117.0
811,rpVielhdHLCber6!,Port of Spain,15033.0,Non-binary,2017/01/15,114.0
812,#z#i0@Mr,Gros Islet,11299.0,Non-binary,2018/03/29,97.0
813,*WXq3wBEREbeqSSz,Port of Spain,21857.0,Male,2017/11/26,39.0
814,BS$khSJ&wQ3u9B2J,Gros Islet,12304.0,Female,2017/04/29,98.0
815,m%fYbF0F,Bridgetown,130.0,Prefer not to say,2018/04/02,96.0
816,7#WZh6hxRc,Kingston,5919.0,Non-binary,2017/03/06,100.0
817,pBs9km#Cn&9qm0Qa,Port of Spain,13228.0,Prefer not to say,2018/08,72.0
818,RF!2Vil%qP,Montego Bay,405.0,Prefer not to say,2017/10/07,32.0
819,P$*!8JfShB,Sandy Point,2859.0,Female,2016/03,104.0
820,NmeGz8po%x,San Fernando,15561.0,Prefer not to say,2018/09/04,37.0
821,CTmc&Ar@,Basseterre,7305.0,Male,2018/05,9.0
822,%2*4Yis5,Bridgetown,1044.0,Non-binary,2017/01,102.0
823,Yuj98Lswmen@,Chaguanas,12989.0,Prefer not to say,2018/12,55.0
824,pwiyl@W9a!ba,Charlestown,21152.0,Non-binary,2018/04/04,3.0
825,PBasH1KAc#oC,Spanish Town,13891.0,Prefer not to say,2016-11-07,64.0
826,EX9FCzF#zz^52$AZ,Warrens,16921.0,Non-binary,2016/11,19.0
827,04D9j&ifT4H3#DBe,San Fernando,2656.0,Male,2018/08/14,26.0
828,MD$T^bd$23uIOcPi,Basseterre,4898.0,Male,2016/01/22,1.0
829,F&eOnGTEWbo3%jte,Montego Bay,2749.0,Male,2016/06/11,74.0
830,0oir%!Lf,Castries,10499.0,Prefer not to say,2016/05/19,34.0
831,@gVG$6N^,Gros Islet,20590.0,Non-binary,2017-03-11,60.0
832,fyPtkXcpdr62I@jN,Sandy Point,5324.0,Male,2016-11-10,53.0
833,USB*oP,Gros Islet,3621.0,Prefer not to say,2018/03/11,70.0
834,23UTfvDJKqDn,Castries,20642.0,Male,2016/12/01,37.0
835,9Wj0uv,San Fernando,14394.0,Prefer not to say,2016/03/17,33.0
836,i2l5gW,Castries,15570.0,Prefer not to say,2018/09/24,47.0
837,P&y*!BXe7w,Chaguanas,84.0,Non-binary,2016/04/18,63.0
838,AsXfQgH7DT,Port of Spain,19990.0,Prefer not to say,2018/03/03,101.0
839,UKw2ff0q,Warrens,13046.0,Non-binary,2018/05/26,54.0
840,wjMK$BQKQ6,Vieux Fort,23716.0,Male,2017-03-12,20.0
841,$CrytTHmHqv0Dr0q,Kingston,6412.0,Male,2016/06/26,112.0
842,83u WaxBQ2KcD,Castries,11871.0,Non-binary,2017/02/22,112.0
843,V*IBilXuihZTkNG7,Chaguanas,14790.0,Male,2017/11/13,12.0
844,fIgoOp,Kingston,10494.0,Non-binary,2016/06/20,90.0
845,53#wcmnv,Castries,14413.0,Female,2016/04/15,82.0
846,oPD EDd,Kingston,2847.0,Non-binary,2016/06/04,48.0
847,QkMPvx$r,Gros Islet,2894.0,Male,2018/10/27,113.0
848,qWYz0Mv7tj,Port of Spain,15996.0,Male,2017/12/21,94.0
849,Yd1$xu#6,Chaguanas,15815.0,Female,2016/10,111.0
850,e7tszfAF,Basseterre,19436.0,Prefer not to say,2016/05/12,86.0
851,$kiAba%IEBpLkoj4,Basseterre,22091.0,Prefer not to say,2018/11/02,62.0
852,IpPqU&A^Sk,Warrens,17085.0,Non-binary,2018/01/29,43.0
853,R2D kZ@WY,Charlestown,18178.0,Female,2016/12/19,113.0
854,LsP 0CMccl51^CFJU,Warrens,22613.0,Male,2017/07/29,32.0
855,0zZtdj0aILo9uyid,Warrens,11352.0,Prefer not to say,2016/02/06,88.0
856,0xURrS61,Bridgetown,23329.0,Male,2016/04/07,119.0
857,3QasT5!efP,San Fernando,23244.0,Prefer not to say,2017-07-11,80.0
858,8eUe&8RRfP3u,Charlestown,21749.0,Female,2017-02-05,107.0
859,ENOLNY,San Fernando,14611.0,Prefer not to say,2016/03/22,107.0
860,RVcdhGMJjS2W,Vieux Fort,12858.0,Female,2018/09,53.0
861,#Kt1$e!4T8,Port of Spain,6015.0,Prefer not to say,2017/06,8.0
862,cyi^&4,Castries,17408.0,Prefer not to say,2018/05/30,54.0
863,E17enQVvxX,Castries,21381.0,Female,2017-10-07,42.0
864,E1XH%F,Vieux Fort,2008.0,Prefer not to say,2017/11/10,68.0
865,rfw6NFf%lk,Sandy Point,15601.0,Non-binary,2018/06/01,30.0
866,CjhArBD*TG,Vieux Fort,16443.0,Male,2018/04/24,7.0
867,M8P4inDoV1,Chaguanas,11303.0,Prefer not to say,2016/05/25,49.0
868,d!F31N@fWOaoZICE,Vieux Fort,23543.0,Non-binary,2016/02,36.0
869,fY1PhZ$^,San Fernando,2884.0,Prefer not to say,2016/09/02,91.0
870,!mc8E#wyxs,Basseterre,622.0,Non-binary,2017/02,65.0
871,S^gc#9V@R6,Basseterre,20189.0,Male,2018/07/08,107.0
872,ke&tXv97,Chaguanas,16156.0,Non-binary,2018/04,12.0
873,WJvwd1tRR^,Sandy Point,16583.0,Male,2018/08/28,62.0
874,6Hn8i#I^ac,Port of Spain,8734.0,Non-binary,2017/09/27,73.0
875,N!fnL$7pxb$C,Warrens,9713.0,Prefer not to say,2018/11/04,115.0
876,EJ7Klw3@,Chaguanas,17212.0,Female,2016/04/22,68.0
877,SKCNLk,Kingston,20681.0,Prefer not to say,2017/05/20,12.0
878,aIQuf8,Gros Islet,11934.0,Non-binary,2017-09-09,11.0
879,5LHAPw,Castries,8979.0,Non-binary,2017-12-20,9.0
880,s6kgeMnw,Sandy Point,24470.0,Female,2017/03/09,3.0
881,l@5Zp3b!km8s,San Fernando,14624.0,Prefer not to say,2016/09/20,49.0
882,4DsuBrrGu3,Sandy Point,2554.0,Female,2017/05/20,34.0
883,59OH@r*pP5d22wSa,Vieux Fort,4374.0,Female,2016/08/23,90.0
884,qbvOlcbvv9rU,Basseterre,9623.0,Prefer not to say,2016/04/12,14.0
885,6LJon4oVhEZL#!F8,Gros Islet,2677.0,Non-binary,2018-04-02,115.0
886,&*31FoIC*7,Castries,2889.0,Male,2017/07/09,49.0
887,Pi5oSKEZfB,Castries,24977.0,Male,2016/05/03,14.0
888,*WQB@L,Oistins,20551.0,Male,2018/12/11,94.0
889,ov471mUm*d5#INqH,San Fernando,18797.0,Female,2018-07-24,103.0
890,tGM xbEnP9@,Kingston,19898.0,Male,2018/10/31,114.0
891,kqBzqh,Kingston,22493.0,Female,2018-08-14,48.0
892,kQR!HlrV,Port of Spain,1415.0,Male,2016/12/19,0.0
893,DByTk5uiii,Warrens,6092.0,Female,2018/01/03,87.0
894,,,,,,
895,wpV7rlGqWh,Castries,343.0,Prefer not to say,2018/09/07,27.0
896,k$APb4E#M&PRbUeY,Sandy Point,13419.0,Non-binary,2016/05/22,49.0
897,#MmAkqgTFh%Ddtxt,Spanish Town,21581.0,Prefer not to say,2018/01/15,24.0
898,h28Q3MLcAlI$,Warrens,17132.0,Male,2018/12/25,71.0
899,^SKNzeOw,San Fernando,15521.0,Female,2016-02-20,110.0
900,nHa$%7!SjPZu,Castries,15311.0,Prefer not to say,2018/06/21,105.0
901,VrNj@p3%@M,Chaguanas,4234.0,Female,2016/04/25,8.0
902,fx7%U5Iy0KuQ,Spanish Town,7891.0,Male,2018/10/24,17.0
903,6hHK6PkSE!,Basseterre,19975.0,Male,2016/02/12,40.0
904,jYh%B^kG*I,Sandy Point,11296.0,Non-binary,2017/12/03,110.0
905,ICsggZaFa6!F,Chaguanas,23966.0,Non-binary,2016/11/12,4.0
906,,,,,,
907,yhD$byVI,Castries,18938.0,Female,2018/03/04,116.0
908,Jip*SkfnRH,Basseterre,22519.0,Non-binary,2018-01-18,56.0
909,,,,,,
910,K9u4%@wLK4,Sandy Point,23610.0,Male,2016/12/28,9.0
911,wXvvPn,Kingston,9556.0,Prefer not to say,2017/06/29,78.0
912,W@mLPi,Spanish Town,19935.0,Prefer not to say,2017/05,103.0
913,ObFb5O*qQG,Warrens,6836.0,Prefer not to say,2017/12/29,3.0
914,wq&CPZerrD,Kingston,1093.0,Non-binary,2018/05/13,67.0
915,&$k21$fZQjn#,Sandy Point,17704.0,Non-binary,2017-12-06,49.0
916,tdfPGYEn2J0fZZNz,Montego Bay,16383.0,Prefer not to say,2018/05/06,108.0
917,!0SasLuThktr,Warrens,22352.0,Female,2017/08,116.0
918,CoOCI@Ww,San Fernando,1053.0,Male,2017/12/13,24.0
919,LGU mHOsjar,Vieux Fort,9319.0,Prefer not to say,2016/04,82.0
920,B0e7bWG%,Castries,11860.0,Non-binary,2018-03-19,20.0
921,DajH0G29,Montego Bay,1344.0,Prefer not to say,2016/11/14,23.0
922,@@RclAsU,San Fernando,14959.0,Prefer not to say,2017/03/12,96.0
923,3Bh3O&T$s63T,Montego Bay,11921.0,Female,2018/02,11.0
924,x1#BoT,Vieux Fort,14663.0,Female,2018/01/18,17.0
925,k4rkhJYA,Oistins,19011.0,Prefer not to say,2018/07,52.0
926,oylLQDKb7rc4,Vieux Fort,23923.0,Non-binary,2016/10/21,106.0
927,,,,,,
928,NbtBJr,Chaguanas,12296.0,Non-binary,2017/05/22,76.0
929,^YnY1ZDFMx$ekmRH,Port of Spain,15008.0,Non-binary,2017/11/08,88.0
930,250U3kvIBDMHmNW!,Charlestown,14758.0,Male,2017-05-29,84.0
931,D7IcSIjiM&,Basseterre,18336.0,Female,2016/08/26,39.0
932,6wZDmQg$jb334gIq,Basseterre,5758.0,Female,2017-02-22,5.0
933,&8hP8n3u#J@VM#@f,Chaguanas,4493.0,Non-binary,2016/09/14,2.0
934,qyY&z5^bB5,Kingston,20283.0,Male,2018/07/02,91.0
935,akwqqtdiDA,Kingston,7817.0,Female,2016/05/07,86.0
936,bYKtxv,Port of Spain,192.0,Male,2017/09/06,63.0
937,hiV 4il,Sandy Point,14153.0,Prefer not to say,2016-09-13,2.0
938,igd^tSwBgX,Gros Islet,24515.0,Female,2018/06/22,16.0
939,gwjhB99bdsEBO*rz,Chaguanas,23109.0,Male,2016/06/15,46.0
940,JiGE4z,Basseterre,6034.0,Non-binary,2016/04/01,33.0
941,hmdCo4EN3zwm,Oistins,7470.0,Non-binary,2018/12/22,47.0
942,NxoMr&$MjXDJ,San Fernando,18194.0,Female,2017/05/04,116.0
943,ClioMb,Spanish Town,4767.0,Female,2016/10,15.0
944,4wgAvz^Ctq9hNHEr,Vieux Fort,22337.0,Female,2016/04/04,33.0
945,Le0tjK0m,Gros Islet,18499.0,Male,2016/08/03,13.0
946,StVc!2yD8D1K,Basseterre,2170.0,Female,2017/02/13,62.0
947,BAIYJ8zUCRXunPLt,Kingston,9780.0,Non-binary,2018/07/23,89.0
948,7^wABj,Chaguanas,11245.0,Female,2016/12/01,109.0
949,Y*XD2!52,Port of Spain,15054.0,Non-binary,2018-10-26,68.0
950,qdsvwM,Chaguanas,23922.0,Non-binary,2018-04-09,73.0
951,6dP M7t,Sandy Point,13163.0,Prefer not to say,2017/05/23,23.0
952,cvUHdGnk,Spanish Town,21744.0,Male,2017/08/16,76.0
953,HMh@mn,Charlestown,24925.0,Non-binary,2018/11/18,3.0
954,NMpbHrAsbeXU*Wwy,Castries,14955.0,Male,2017/11/01,26.0
955,!QH oDxXyanOhqq#z,Bridgetown,4529.0,Non-binary,2018/05/20,93.0
956,,,,,,
957,JaYesXeUNg,Vieux Fort,16160.0,Male,2016/10/20,117.0
958,!Jwrmqol,Kingston,23119.0,Non-binary,2017/09,13.0
959,ZiJRUeku,Kingston,2798.0,Female,2017/04,16.0
960,$%wEsH,Castries,11717.0,Prefer not to say,2018-05-29,12.0
961,k4I83gMM,Spanish Town,7140.0,Female,2016/12,21.0
962,r#s2nu,San Fernando,17060.0,Female,2018/03/13,80.0
963,9#1 M79,Basseterre,11974.0,Female,2017-12-26,118.0
964,W0bV$fOuHB#k,Vieux Fort,3617.0,Non-binary,2018/02/12,81.0
965,IRY3inQSZj0aXNhV,Castries,19248.0,Prefer not to say,2017/06/29,70.0
966,TS6ziR258q^k,Port of Spain,17472.0,Female,2018/09/21,27.0
967,9u6#EBwwWA!z,Castries,5166.0,Male,2018/06/02,86.0
968,&QxttqgcXS95,Chaguanas,12707.0,Male,2018/03/08,64.0
969,nC20uvte*WidrmEc,Kingston,21975.0,Prefer not to say,2018-09-16,10.0
970,qu!njUSAxU#&,Spanish Town,16672.0,Female,2016/06/01,65.0
971,UKw2ff0q,Warrens,13046.0,Non-binary,2018/05/26,54.0
972,p9vN7dELJ1BC,Montego Bay,23056.0,Non-binary,2018-03-20,66.0
973,QEZMvxgH4e,Gros Islet,21346.0,Non-binary,2017/07,22.0
974,5LHAPw,Castries,8979.0,Non-binary,2017-12-20,9.0
975,CaUT!@CYLx,Charlestown,1453.0,Male,2017/05/25,41.0
976,zftVwAgWgU0z0f4k,Charlestown,19535.0,Non-binary,2017/08/24,29.0
977,NxoMr&$MjXDJ,San Fernando,18194.0,Female,2017/05/04,116.0
978,2@pi64OA4v,Port of Spain,6222.0,Female,2018-07-10,105.0
979,bPEps&,Bridgetown,8775.0,Male,2016/07/30,14.0
980,m9nOoliH,Charlestown,11530.0,Prefer not to say,2016/03/16,86.0
981,GY4DN@KFZD,Bridgetown,2837.0,Female,2017/08/01,23.0
982,49ACnxR%,Bridgetown,15619.0,Non-binary,2017/06/17,3.0
983,bYKtxv,Port of Spain,192.0,Male,2017/09/06,63.0
984,5AIN7K,Gros Islet,13272.0,Female,2016-11-02,113.0
985,@WFPmL$7,Oistins,22267.0,Non-binary,2017-09-10,58.0
986,vDJ0nUfIpi@g,Warrens,4146.0,Male,2017/08/02,105.0
987,NMpbHrAsbeXU*Wwy,Castries,14955.0,Male,2017/11/01,26.0
988,YtZFO3deXx,Vieux Fort,16138.0,Prefer not to say,2018-06-02,31.0
989,Hu42bojt,Vieux Fort,24086.0,Male,2017/04/11,84.0
990,6LJon4oVhEZL#!F8,Gros Islet,2677.0,Non-binary,2018-04-02,115.0
991,!0SasLuThktr,Warrens,22352.0,Female,2017/08,116.0
992,72v!LC,Chaguanas,15986.0,Prefer not to say,2018-05-13,91.0
993,5PMeoT,Sandy Point,20864.0,Non-binary,2018/11/18,101.0
994,6kQeqbcMWz,Bridgetown,4211.0,Female,2016/06/03,1.0
995,M8P4inDoV1,Chaguanas,11303.0,Prefer not to say,2016/05/25,49.0
996,B&KoEXQw*zb2,Basseterre,109.0,Male,2018/12/30,15.0
997,fHn%v#bRi0Z3f*ox,Warrens,17586.0,Prefer not to say,2017/04,107.0
998,^ctKoc,Vieux Fort,21443.0,Non-binary,2016/10/09,61.0
999,E3*K*cuqeQ,Spanish Town,21519.0,Male,2018/08/02,68.0
