First Name,Last Name,Email Address,Salt,Date of Birth,Street Name,Parish,Zip,Country,Contact Number
Rohan,Williams,Rohan.Williams@kkhairemporium.com,f244f58d669cbee3,,Coral Ridge #284,St. Peter Basseterre,KN0101,St. Kitts & Nevis,1051834
Tyrone,Campbell,Tyrone.Campbell@loyalty.kkhair.com,d7f78df0cac5e40c,,Harbour View #70,St. Ann,15,Jamaica,+ 7556464  
Kareem,Campbell,KAREEM.CAMPBELL@KANDK-HAIR.CO,359309cc6273931b,,Seaview Terrace #175,St. Michael,65057,Barbados,726-2849-87769
José,Baptiste,JOS.BAPTISTE@mail.kkhair.net,bfe16849ef307590,,Cedar Park #59,Diego Martin,25396,Trinidad & Tobago,7737826398
Sade ,Núñez,Sade.Nez@mail.kkhair.net,fcc4f14a3e3e04d4,,Sugar Cane Way #204,Couva-Tabaquite-Talparo,TT6383,Trinidad & Tobago,780-9134-31611
Noël De la,Cruz,Nol.Cruz-615@loyalty.kkhair.com,d080589ab054c240,,Harbour View #233,Vieux Fort,LC12 301,St. Lucia,991-0229-014767976
Dwayne De la,Cruz,DWAYNE.CRUZ-614@kkhairemporium.com,c7b2c1d0e2adcd93,,Coral Ridge #236,St. Peter,BB14000,Barbados,+1 (246) 9681645352
Marlon St.,Clair,Marlon.Clair-940@loyalty.kkhair.com,29ca42db0b956af6,,Coconut Walk #52,St. George,BB14000,Barbados,+ 62229270653  
Marlon,Charles,Marlon.Charles@kandk-hair.co,,,,,,,
Khadija,Best,Khadija.Bestkkhairemporium.com,a7b92868492545a1,,Seaview Terrace #296,Chaguanas,TT4453,Trinidad & Tobago,+1 (868) 8447364710
Khadija,Dottin,Khadija.Dottin@kandk-hair.co,,,,,,,
Shanice,Charles,Shanice.Charles@mail.kkhair.net,1cf591093a9ef4e8,,Sugar Cane Way #235,Clarendon,09,Jamaica,+ 32966851612  
Tanesha,Alleyne,Tanesha.Alleyne@kkhairemporium.com,9b774f4ebdf672eb,,Cedar Park #281,St. George,BB17001,Barbados,+ 397187  
José,Núñez,Jos.Nez@kkhairemporium.com,4fa113e035ee0d64,,Bay Street #141,Castries,LC12 301,St. Lucia,+1 (758) 643611
Khadija De la,Cruz,Khadija.Cruz-711@kandk-hair.co,44205eb64de62343,,Harbour View #162,St. Ann,42477,Jamaica,99940438983
Kareem,Joseph,Kareem.Joseph@LOYALTY.KKHAIR.COM,2feb1f5b58337010,,Bay Street #77,San Fernando,00000,Trinidad & Tobago,+ 541951802380  
Jamal,Williams,Jamal.Williams-988@kandk-hair.co,7bc19850ce73e3ZZ,,Harbour View #191,St. George Basseterre,KN0101,St. Kitts & Nevis,(721) 510702966
Marlon ,Singh,Marlon.Singh@kandk-hair.co,bc3a9a45dfa5b75c,,Sugar Cane Way #1,St. Philip,85082,Barbados,+ 59391725135  
Anaïs De la,Cruz,Anas.Cruz@loyalty.kkhair.com,c5bcb5e18ee87814,,Queen's Road #278,Soufrière,LC04 101,St. Lucia,+ 79374160898  
Aaliyah,Browne,AALIYAH.BROWNE@mail.kkhair.net,0d3d443339bd8c%^,,Coral Ridge #206,Port of Spain,TT6431,Trinidad & Tobago,+ 50544471  
Jéssica,García,Jssica.Garca-217@mail.kkhair.net,6171e1b68bec307b,,Cedar Park #243,Arima,82264,Trinidad & Tobago,06029333
Tia ,Best,Tia.Best-973@kkhairemporium.com,ead4afb65c077460,,Sugar Cane Way #20,Diego Martin,TT5190,Trinidad & Tobago,+1 (868) 100167618472
Kareem,García,Kareem.Garca@mail.kkhair.net,4ff3de128a07a3d7,,Cedar Park #286,St. George,BB14000,Barbados,(721) 7535408386631
Sade ,Johnson,Sade.Johnson@KKHAIREMPORIUM.COM,7eafbe3370ab9b31,,Sugar Cane Way #210,Port of Spain,00000,Trinidad & Tobago,+ 3516091779  
Tyrone  García ,Pérez,Tyrone.Prez@kkhairemporium.com,b669e52553c1d884,,Mango Tree Drive #80,Castries,LC12 301,St. Lucia,+ 9851583281  
Zoë,Johnson,ZO.JOHNSON-23@kandk-hair.co,,,,,,,
Tanesha,Hernández,Tanesha.Hernndez@domain_with_space.mail.kkhair.net,,,,,,,
Tanesha,Alleyne,Tanesha.Alleyne@MAIL.KKHAIR.NET,3ab85878fab5fd6d,,Harbour View #144,St. John Figtree,KN0302,St. Kitts & Nevis,(143) 8663227026728
Rashida,Morris-Best,Rashida.Morris-Best@kkhairemporium.com,afe8e45ed9bf72e9,,Palm Grove #1,Arima,27865,Trinidad & Tobago,774-0649-30853
Anaïs,Alleyne,Anas.Alleyne@loyalty.kkhair.com,f6a041053984e072,,Harbour View #160,Diego Martin,TT8597,Trinidad & Tobago,+1 (868) 2046187234601367
Devon,Browne,DEVON.BROWNE@kandk-hair.co,,,,,,,
Tyrone,Brathwaite,Tyrone.Brathwaite@kandk-hair.co,d45a235a40add9e8,,Independence Ave #14,St. Ann,90864,Jamaica,+1 (876) 33051728975
Sade,Charles,SADE.CHARLES@mail.kkhair.net,,,,,,,
José ,Núñez,Jos.Nez@mail.kkhair.net,7dcacccd65f46cbd,,Sunset Blvd #9,San Fernando,00000,Trinidad & Tobago,+1 (868) 7969278687653269
Renée,Greenidge,Rene.Greenidge@kandk-hair.co,b18315ecf9f7ccf8,,Bay Street #230,St. James,11,Jamaica,6945441496739385
Keisha,Forde,Keisha.Forde@@KANDK-HAIR.CO,ffdc270cf3ba9c12,,Mango Tree Drive #149,St. Philip,BB17001,Barbados,+1 (246) 346157173203
Sofía,Charles,Sofa.Charles_739@mail.kkhair.net,c72ff1d46e5cb4e6,,Independence Ave #17,St. Philip,BB14000,Barbados,+ 7762534929298316  
Latoya,García,Latoya.Garca@kandk-hair.co,0d64b9720f95e0ee,,Cedar Park #190,St. John Figtree,KN0101,St. Kitts & Nevis,04649893195
Mikaël,Morris,Mikal.Morris@kandk-hair.co,bef3f9eb26e22c59,,Coconut Walk #58,Dennery,3424,St. Lucia,682-7567-0
Latoya,Hernández,Latoya.Hernndez@kandk-hair.co,1678602e2c6fa1bc,,Queen's Road #7,Vieux Fort,LC12 301,St. Lucia,+1 (758) 7674266
Noël,Joseph,NOL.JOSEPH@kkhairemporium.com,99fe700489f39d5f,,Bamboo Crescent #142,Diego Martin,TT6927,Trinidad & Tobago,+1 (868) 4715890429025725
Andre,Grant,Andre.Grant.188@kkhairemporium.com,bfda5364763de234,,Sugar Cane Way #186,Gros Islet,LC12 301,St. Lucia,+1 (758) 132234
Jamal,Greenidge,JAMAL.GREENIDGE@kkhairemporium.com,f3ce234cc352b6a6,,Cedar Park #218,Dennery,LC12 301,St. Lucia,6579678427114773
Devon,Alleyne,Devon.Alleyne@kkhairemporium.com,,,,,,,
Rashida,Singh,RASHIDA.SINGH@mail.kkhair.net,94b3b6fecf8d2db5,,Market Street #175,St. Thomas,BB17001,Barbados,+ 8814761742  
Dwayne,Ramdeen-Forde,Dwayne.Ramdeen-Forde@mail.kkhair.net,d9aee8a565283d00,,Mango Tree Drive #236,Couva-Tabaquite-Talparo,63096,Trinidad & Tobago,(641) 220310303
Kofi,Pérez,Kofi.Prez@mail.kkhair.net,9629a500879d31b8,,Bamboo Crescent #64,St. John Figtree,KN0101,St. Kitts & Nevis,(998) 9354492683158
Anaïs,Best,ANAS.BEST@mail.kkhair.net,e436ef15b3d33b91,,Queen's Road #156,Chaguanas,00000,Trinidad & Tobago,+1 (868) 443270
Latoya,Ramdeen,Latoya.Ramdeen@kandk-hair.co,e8250932616f0350,,Sugar Cane Way #297,Diego Martin,TT9741,Trinidad & Tobago,+1 (868) 0562608564
Sofía,Charles,Sofa.Charles@loyalty.kkhair.com,915292c348d6aa8e,,Mango Tree Drive #169,Port of Spain,TT1033,Trinidad & Tobago,268-7681-18071
Aaliyah ,García,Aaliyah.Garca@kandk-hair.co,fb18f606c38f5652,,Bay Street #292,San Fernando,00000,Trinidad & Tobago,(870) 605664187
Chloë,Núñez,Chlo.Nez@mail.kkhair.net,ac6c50b02b0349e6,,Palm Grove #102,St. Andrew,10,Jamaica,+1 (876) 83230241
Tanesha,Charles,Tanesha.Charles@domain_with_space.kandk-hair.co,b29287332b16a6a8,,Coral Ridge #71,Dennery,LC12 301,St. Lucia,+ 5669078263337389  
D’Andre ,Morris,DAndre.Morris@#.loyalty.kkhair.com,a30ec40387befd60,,Queen's Road #24,St. Thomas Lowland,KN0302,St. Kitts & Nevis,+ 915671649328  
D’Andre De la,Cruz,DAndre.Cruz@kkhairemporium.com,,,,,,,
Jermaine De la,Cruz,Jermaine.Cruz@loyalty.kkhair.com,156f83dff4acc433,,Market Street #7,St. Peter,BB17001,Barbados,9067447163
Noël,Lewis,Nol.Lewis.802@kkhairemporium.com,4d0621cd977adf1d,,Queen's Road #144,St. James,BB17001,Barbados,005-347
Tyrone,Hernández,TYRONE.HERNNDEZ@ kandk-hair.co,d7ec3403cc030147,,Seaview Terrace #7,Castries,LC12 301,St. Lucia,+1 (758) 7972457
Jamal,Clarke,JAMAL.CLARKE@mail.kkhair.net,c3f53739b2a3b214,,Independence Ave #218,St. Peter Basseterre,KN0503,St. Kitts & Nevis,5410225267
Kareem,Greenidge,Kareem.Greenidge_750@kkhairemporium.com,4f46a1c1bdf6160d,,Sunset Blvd #141,St. Thomas,BB23026,Barbados,+ 34201654235  
Aaliyah,Singh,Aaliyah.Singh@kkhairemporium.com,bc2af1c9ef3b3071,,Queen's Road #224,San Fernando,00000,Trinidad & Tobago,040104145964
Mikaël,Johnson,MIKAL.JOHNSON.455@MAIL.KKHAIR.NET,756ff993fb8cc3ed,,Mango Tree Drive #62,St. Paul Charlestown,KN0101,St. Kitts & Nevis,+ 970527740258  
Devon Alleyne,Lewis,DEVON.LEWIS@kkhairemporium.com,6d128a2e5888f475,,Seaview Terrace #20,Gros Islet,9302,St. Lucia,+1 (758) 30440580935
Rohan van der,Kringle,Rohan.Kringle@kkhairemporium.com,cbf93739dea7d35e,,Harbour View #66,St. Ann,74117,Jamaica,48360854
Tia,Lewis,Tia.Lewis@kkhairemporium.com,65c795bad670103c,,Coconut Walk #13,San Fernando,00000,Trinidad & Tobago,+ 6624111860089219  
D’Andre,Brathwaite,DAndre.Brathwaite@kkhairemporium.com,fcb3e70c7ebf39a4,,Independence Ave #107,Soufrière,LC04 101,St. Lucia,93074645205
Jéssica,Alleyne,Jssica.Alleyne@kkhairemporium.com,50bebd66cb506e%^,,Queen's Road #130,Arima,00000,Trinidad & Tobago,+1 (868) 0440907977
Latoya,Williams,Latoya.Williams@KKHAIREMPORIUM.COM,50eedcf78bafc917,,Harbour View #138,Manchester,13,Jamaica,+ 98392250  
Jermaine,Alleyne,Jermaine.Alleyne@loyalty.kkhair.com,fc6fce73c4a4ca9d,,Mango Tree Drive #14,Gros Islet,LC10 201,St. Lucia,099-6132-7303
Kirsten,Williams,Kirsten.Williams-184kandk-hair.co,4ce0fcd19d83ebfa,,Independence Ave #218,Manchester,13,Jamaica,+ 943897607401  
José Pérez,Ramdeen,Jos.Ramdeen@kandk-hair.co,a729edacf0aaabe4,,Sugar Cane Way #88,Clarendon,43514,Jamaica,+1 (876) 785138544577
Kirsten,Dottin-Grant,Kirsten.Dottin-Grant@kandk-hair.co,5cdb6d8ab3ac7cfe,,Cedar Park #91,Diego Martin,TT1054,Trinidad & Tobago,216966630932
Dwayne,Pérez,Dwayne.Prez@MAIL.KKHAIR.NET,683a2ef78a9eae88,,Coconut Walk #14,Christ Church,BB23026,Barbados,294-7742-22946
Aaliyah,Alleyne,Aaliyah.Alleyne@@mail.kkhair.net,bd0437e3394b9ed2,,Cedar Park #262,St. Andrew,05,Jamaica,+1 (876) 92988085838
Marlon,García,Marlon.Garca@mail.kkhair.net,9621d44f57c5dc67,,Coconut Walk #72,St. John Figtree,KN0302,St. Kitts & Nevis,450-1848-19737
Kareem van der,Kringle,Kareem.Kringle@mail.kkhair.net,bb78e1ae856acb5f,,Market Street #117,St. James,BB14000,Barbados,972-6347-5
D’Andre,Pérez,DAndre.Prez@LOYALTY.KKHAIR.COM,7b7e81eefd250e1b,,Queen's Road #34,Dennery,LC12 301,St. Lucia,+ 2637484539  
Renée,Ramdeen,Rene.Ramdeen@ loyalty.kkhair.com,550f3a23ccdcf4a5,,Harbour View #130,St. John Figtree,KN0302,St. Kitts & Nevis,+1 (869) 5157184
Mikaël St.,Clair,Mikal.Clair@loyalty.kkhair.com,968d0ddc86f80c1e,,Sunset Blvd #60,St. Andrew,16,Jamaica,+ 464844941163  
Latoya,Williams,LATOYA.WILLIAMS.285@kandk-hair.co,f6df095a9d349ab4,,Mango Tree Drive #190,Diego Martin,42258,Trinidad & Tobago,748595325939
D’Andre,Thompson,DANDRE.THOMPSON-567@KKHAIREMPORIUM.COM,06bce74fd579f2d0,,Bay Street #75,Couva-Tabaquite-Talparo,15236,Trinidad & Tobago,+ 548954787698  
Sade,Charles,Sade.Charles@loyalty.kkhair.com,d88d6496ba6e5397,,Seaview Terrace #255,Chaguanas,42195,Trinidad & Tobago,+1 (868) 52491416860
Devon,García,Devon.Garca-644@mail.kkhair.net,3d61103a89d7778b,,Coral Ridge #163,St. Peter Basseterre,3815,St. Kitts & Nevis,+1 (869) 1994711
Aaliyah,Hernández,Aaliyah.Hernndez@loyalty.kkhair.com,86fdaa0fce6b42c5,,Queen's Road #208,St. Thomas Lowland,KN0503,St. Kitts & Nevis,(931) 706
Shanice,Brathwaite,Shanice.Brathwaite@kandk-hair.co,eeb6e4d17439b1be,,Coconut Walk #182,Micoud,LC04 101,St. Lucia,348-2012-8
Kareem,Clarke,Kareem.Clarke@LOYALTY.KKHAIR.COM,c8c7119046d6d4d8,,Sunset Blvd #84,St. George Basseterre,5350,St. Kitts & Nevis,+ 7117595  
Chloë De la,Cruz,Chlo.Cruz@domain_with_space.loyalty.kkhair.com,c19834777e43bdcd,,Independence Ave #247,Dennery,LC12 301,St. Lucia,626-7055-143776936
D’Andre,Greenidge,DAndre.Greenidge@mail.kkhair.net,e4429aa7fdd396f1,,Sunset Blvd #26,Port of Spain,00000,Trinidad & Tobago,+1 (868) 5725659202461752
Tanesha ,Núñez,Tanesha.Nez-729@loyalty.kkhair.com,8c6d1e9e19a0d2fd,,Queen's Road #115,Diego Martin,TT5919,Trinidad & Tobago,408-3037-360
Renée,Singh,Rene.Singh@mail.kkhair.net,,,,,,,
Jamal,Hernández,Jamal.Hernndez@kkhairemporium.com,bc38572a5530f645,,Harbour View #3,Dennery,LC12 301,St. Lucia,830-6396-384
Tanesha St.,Clair,TANESHA.CLAIR@loyalty.kkhair.com,7d02347d16ed23e4,,Sunset Blvd #19,Chaguanas,00000,Trinidad & Tobago,+ 1539114  
Rashida ,Browne,Rashida.Browne@kandk-hair.co,be50308655715666,,Mango Tree Drive #116,Micoud,LC04 101,St. Lucia,+1 (758) 46212760
José van der,Kringle,Jos.Kringlekkhairemporium.com,5226f3eb104bac39,,Market Street #76,Manchester,80780,Jamaica,(248) 9056
Kofi,Morris-Grant,Kofi.Morris-Grant.529@loyalty.kkhair.com,1d67deb05421813c,,Market Street #271,St. Philip,BB23026,Barbados,+1 (246) 2877383638164321
Andre,Thompson,Andre.Thompson@MAIL.KKHAIR.NET,568ab1d5d3ffd468,,Coconut Walk #284,St. Michael,79181,Barbados,+1 (246) 7882603
Dwayne,Charles,Dwayne.Charles@loyalty.kkhair.com,,,,,,,
Khadija Thompson St.,Clair,KHADIJA.CLAIR@KKHAIREMPORIUM.COM,7880fee9c51e4cd4,,Bamboo Crescent #48,Couva-Tabaquite-Talparo,74499,Trinidad & Tobago,4068841333731255
Mikaël,García,MIKAL.GARCA.953@mail.kkhair.net,7e0fdc3ef1cf7c40,,Independence Ave #44,Couva-Tabaquite-Talparo,00000,Trinidad & Tobago,+1 (868) 216505871469
Renée,Hernández,Rene.Hernndez@kandk-hair.co,165118feeb6bb57c,,Coconut Walk #155,St. Andrew,13,Jamaica,+ 715239  
Tanesha,Morris,Tanesha.Morris@kkhairemporium.com,3aa8507917130bcf,,Bay Street #158,Arima,18504,Trinidad & Tobago,+ 46234712  
Jamal,Singh,Jamal.Singh@mail.kkhair.net,7d438ab1cf010949,,Coconut Walk #193,St. Thomas,BB23026,Barbados,760-5642-045
Jéssica,Charles,Jssica.Charles@kkhairemporium.com,b012c718a61c7a48,,Hibiscus Lane #157,Castries,LC04 101,St. Lucia,784-8165-244
Latoya,Clarke,Latoya.Clarke@kandk-hair.co,,,,,,,
Andre ,Clarke,Andre.Clarke@MAIL.KKHAIR.NET,220cb922790ea3c8,,Coral Ridge #8,St. James,BB17001,Barbados,+1 (246) 82689996
Rashida,Best,Rashida.Best.699@MAIL.KKHAIR.NET,c074024dbe5c0920,,Independence Ave #38,St. Ann,57344,Jamaica,+ 7741274692  
Tyrone,Singh,Tyrone.Singh@kkhairemporium.com,2e96be87a4d1c8d1,,Market Street #113,Dennery,LC12 301,St. Lucia,425-3646-2805
José,Morris,Jos.Morris-164@kandk-hair.co,9037323ec304a9__,,Palm Grove #208,Dennery,LC10 201,St. Lucia,+ 201227595002  
Tanesha,Forde,Tanesha.Forde@domain_with_space.kandk-hair.co,0416184744efb437,,Bamboo Crescent #67,St. George,22260,Barbados,(630) 05937
Khadija,Pérez,KHADIJA.PREZ@kandk-hair.co,bb67454e76509bf7,,Harbour View #219,Port of Spain,00000,Trinidad & Tobago,870826
Anaïs ,Jean-Baptiste,Anas.Jean-Baptiste-103@loyalty.kkhair.com,644503984b455bc1,,Seaview Terrace #26,St. James,93287,Jamaica,+ 04674130753  
Sade Williams St.,Clair,Sade.Clair@,2b2d822aad802c6a,,Independence Ave #31,St. John Figtree,KN0302,St. Kitts & Nevis,+1 (869) 2019712124
Mikaël,Singh,MIKAL.SINGH@ mail.kkhair.net,db769632ca960a57,,Coral Ridge #36,Chaguanas,13082,Trinidad & Tobago,747-0002-6876
Dwayne,Campbell,Dwayne.Campbell@mail.kkhair.net,2fe92e86196a147b,,Market Street #144,St. Thomas,BB23026,Barbados,233-2829-30202
Marlon,Clarke,Marlon.Clarke.126@mail.kkhair.net,158b612578f57068,,Market Street #152,St. Thomas,BB14000,Barbados,+ 2405076  
Zoë,Dottin,Zo.Dottin@mail.kkhair.net,e4f4a254a1acc984,,Hibiscus Lane #232,Arima,00000,Trinidad & Tobago,187803
Andre De la,Cruz,Andre.Cruz@MAIL.KKHAIR.NET,554fc877e550b944,,Queen's Road #134,St. Paul Charlestown,KN0302,St. Kitts & Nevis,(833) 444704887
D’Andre,Browne-Alleyne,DANDRE.BROWNE-ALLEYNE@loyalty.kkhair.com,fa55b40d2cb2440b,,Coconut Walk #60,St. Michael,52281,Barbados,+ 55963637262  
Kirsten,Dottin,Kirsten.Dottin.536@kkhairemporium.com,bd79bf504ccbcc5b,,Mango Tree Drive #105,St. James,BB17001,Barbados,46074299074
Devon ,Grant-Baptiste,Devon.Grant-Baptiste.469@loyalty.kkhair.com,a6c3c9089a05c0a5,,Independence Ave #235,Port of Spain,61997,Trinidad & Tobago,(824) 845
Devon ,Charles,Devon.Charles@kandk-hair.co,1bcc3b60bc9386e9,,Bamboo Crescent #246,St. George Basseterre,2938,St. Kitts & Nevis,+1 (869) 136510
Tia,Ramdeen,Tia.Ramdeen@kandk-hair.co,,,,,,,
Jéssica,Browne,JSSICA.BROWNE.966@kkhairemporium.com,,,,,,,
Tia,Best,TIA.BEST@mail.kkhair.net,d0937851873a6624,,Palm Grove #35,St. James,BB14000,Barbados,291-4304-913
Rohan,Jean-Baptiste,Rohan.Jean-Baptiste_955@kandk-hair.co,132972264cc33a8a,,Harbour View #124,St. Peter Basseterre,KN0101,St. Kitts & Nevis,+1 (869) 472205
Shanice van der,Kringle,Shanice.Kringle@ loyalty.kkhair.com,dc07d3d49d0e09e4,,Hibiscus Lane #181,St. George Basseterre,KN0503,St. Kitts & Nevis,+ 0173167  
Jermaine Ramdeen,Williams,Jermaine.Williamsloyalty.kkhair.com,cd9c6dac376af8ec,,Mango Tree Drive #26,St. Peter Basseterre,4979,St. Kitts & Nevis,(430) 19220956
Khadija St.,Clair,Khadija.Clair@kandk-hair.co,1c268bc9e8c0ade8,,Seaview Terrace #278,St. Peter Basseterre,1060,St. Kitts & Nevis,+ 1080926166201655  
Sade,Baptiste,Sade.Baptiste@loyalty.kkhair.com,ad491b2dcb8a3458,,Market Street #242,Vieux Fort,LC10 201,St. Lucia,608-3570-1703
Tyrone,Núñez,Tyrone.Nez.341@kkhairemporium.com,fff48a4836bc809a,,Bamboo Crescent #194,Dennery,LC12 301,St. Lucia,+1 (758) 3940598026
Renée,Greenidge,Rene.Greenidge@KANDK-HAIR.CO,2cb2b87dc0e699cf,,Sunset Blvd #177,Clarendon,56758,Jamaica,+ 91617050  
Noël van der,Kringle,Nol.Kringle@loyalty.kkhair.com,a7a6d4a7496cf493,,Mango Tree Drive #215,St. Andrew,39439,Jamaica,8586390616
Chloë,Campbell,Chlo.Campbell@kkhairemporium.com,,,,,,,
Tanesha,Joseph,Tanesha.Joseph-720@,313c35b03c781267,,Bay Street #215,St. John Figtree,KN0503,St. Kitts & Nevis,+ 984101  
Renée,Grant,Rene.Grant@MAIL.KKHAIR.NET,c9d62721f93c3957,,Bay Street #25,St. George Basseterre,KN0101,St. Kitts & Nevis,696-261
Anaïs,Alleyne,Anas.Alleyne_807@MAIL.KKHAIR.NET,3f440fd5633b5474,,Independence Ave #146,St. Michael,BB23026,Barbados,35999400410
Rohan,Williams,Rohan.Williams@mail.kkhair.net,3380cb5dc95de7b2,,Coconut Walk #162,St. James,BB17001,Barbados,697-6487-8
Noël,Brathwaite,NOL.BRATHWAITE@kandk-hair.co,a9c3fb1161982191,,Harbour View #261,St. James,BB17001,Barbados,+1 (246) 83747558
Sofía,Alleyne,SOFA.ALLEYNE-563@loyalty.kkhair.com,,,,,,,
Tia De la,Cruz,TIA.CRUZ@kkhairemporium.com,e5fcd78a2b15a4b9,,Market Street #240,San Fernando,TT9768,Trinidad & Tobago,+1 (868) 738277771184
Andre,Dottin,Andre.Dottin@mail.kkhair.net,9fdf5110b42831f0,,Market Street #187,St. Ann,95748,Jamaica,085-1191-944
Kofi,Alleyne,KOFI.ALLEYNE-511@kkhairemporium.com,c34cce70bbf6e36f,,Independence Ave #112,Clarendon,97453,Jamaica,6627633041176142
José,Ramdeen,Jos.Ramdeen@mail.kkhair.net,,,,,,,
Jamal St.,Clair,Jamal.Clair@kkhairemporium.com,99859840587b09ed,,Sugar Cane Way #264,Soufrière,LC12 301,St. Lucia,+ 94147539891  
Mikaël,Browne,Mikal.Brownekandk-hair.co,fd5c92d797d1c6ab,,Sunset Blvd #73,Soufrière,9999,St. Lucia,930-4852-775867036
Keisha,Morris,Keisha.Morris@LOYALTY.KKHAIR.COM,d2df08edcc40b4bc,,Seaview Terrace #35,St. James,BB17001,Barbados,(292) 764054739
Latoya,Brathwaite,Latoya.Brathwaite-331@loyalty.kkhair.com,3fd8a78dba2bd93c,,Sugar Cane Way #5,St. George Basseterre,KN0503,St. Kitts & Nevis,(163) 015
José,Joseph,Jos.Joseph@kandk-hair.co,feaa425c5d86bcf8,,Market Street #12,St. Ann,16,Jamaica,+1 (876) 81775512944
Rohan De la,Cruz,Rohan.Cruz.779@kandk-hair.co,97dff3ad54081fc7,,Queen's Road #238,Soufrière,LC04 101,St. Lucia,547734
Rashida,Charles,Rashida.Charles@loyalty.kkhair.com,de280601e7bdb4c0,,Seaview Terrace #213,St. Andrew,87502,Jamaica,866-9112-2321
Keisha,Núñez,Keisha.Nez@kandk-hair.co,a89233a26ce60a41,,Coral Ridge #111,Diego Martin,66208,Trinidad & Tobago,+ 7146220148333540  
Jamal,Clarke,JAMAL.CLARKE@kkhairemporium.com,e3ff2f061bde1924,,Sunset Blvd #201,Vieux Fort,LC10 201,St. Lucia,(376) 8418
Noël Morris,Grant,Nol.Grant@mail.kkhair.net,deaf8a309819e632,,Queen's Road #149,San Fernando,73392,Trinidad & Tobago,9476111079764754
Khadija,Ramdeen,Khadija.Ramdeen@loyalty.kkhair.com,d0dc5d264df1eeee,,Seaview Terrace #106,Manchester,19,Jamaica,+1 (876) 9271107351
Kirsten,Charles,KIRSTEN.CHARLES@kandk-hair.co,0c870cb46aeca492,,Sugar Cane Way #25,St. Michael,BB23026,Barbados,+ 87531198  
Mikaël,Williams,Mikal.Williams@loyalty.kkhair.com,,,,,,,
Chloë,Grant,Chlo.Grant@kkhairemporium.com,,,,,,,
Renée,Holder,Rene.Holder_470@mail.kkhair.net,6d0113129d3164f3,,Bamboo Crescent #201,St. George Basseterre,KN0302,St. Kitts & Nevis,+ 8785185690  
Tanesha,Grant,Tanesha.Grant@mail.kkhair.net,067b70195ccb6c3f,,Mango Tree Drive #111,St. George,49772,Barbados,+ 72385865392  
Tanesha St. Clair,Campbell,Tanesha.Campbell@MAIL.KKHAIR.NET,433c4a0c6b8c9c%^,,Palm Grove #119,St. George,BB23026,Barbados,+1 (246) 186692552905
Tia,Forde,TIA.FORDE@kandk-hair.co,2ded80747275a44c,,Bay Street #124,Diego Martin,TT5260,Trinidad & Tobago,+1 (868) 2252964448436868
Kirsten De la,Cruz,Kirsten.Cruz@kandk-hair.co,39844d56106d0e44,,Seaview Terrace #271,Christ Church,BB17001,Barbados,+1 (246) 4375391692809166
Kofi,Alleyne,Kofi.Alleyne_879@kkhairemporium.com,99a03a3fd94d5049,,Cedar Park #10,Couva-Tabaquite-Talparo,TT7683,Trinidad & Tobago,+1 (868) 315255
Rohan,Núñez,Rohan.Nez@kkhairemporium.com,1f61e3eec36a00f6,,Hibiscus Lane #257,St. Thomas Lowland,KN0101,St. Kitts & Nevis,+ 99528502312  
Marlon,Brathwaite,MARLON.BRATHWAITE@mail.kkhair.net,9da17babbe1411d3,,Coconut Walk #136,Chaguanas,83872,Trinidad & Tobago,(893) 912
Tia,Johnson,TIA.JOHNSON@,f53c5267725c430a,,Independence Ave #214,St. Michael,BB17001,Barbados,774270549857
Khadija,Morris,Khadija.Morris-704@kkhairemporium.com,,,,,,,
Latoya ,Jean-Baptiste,Latoya.Jean-Baptiste@KKHAIREMPORIUM.COM,9d21a22101f13fb0,,Independence Ave #179,Couva-Tabaquite-Talparo,00000,Trinidad & Tobago,920-1029-75997
Khadija,Alleyne,Khadija.Alleyne@loyalty.kkhair.com,28dda7527bd361e6,,Bamboo Crescent #21,Gros Islet,3421,St. Lucia,+ 72055482987  
Rohan,Jean-Baptiste,Rohan.Jean-Baptiste@#.mail.kkhair.net,fe78e20d5778bbf7,,Seaview Terrace #67,St. Peter,69364,Barbados,453585
Shanice,Clarke,Shanice.Clarke@loyalty.kkhair.com,,,,,,,
Devon,Brathwaite,Devon.Brathwaite@,,,,,,,
Latoya,O'Connor,Latoya.OConnor@mail.kkhair.net,,,,,,,
Keisha,Best,Keisha.Best@MAIL.KKHAIR.NET,bc57e47f55a63177,,Sugar Cane Way #160,Gros Islet,LC12 301,St. Lucia,433331
Keisha St.,Clair,Keisha.Clair@mail.kkhair.net,c1ce79fdf29d74b2,,Queen's Road #95,St. Catherine,71564,Jamaica,59637439
Marlon,García,Marlon.Garca@kandk-hair.co,97b8ca5353bc17__,,Cedar Park #159,Soufrière,5763,St. Lucia,03764747691
Marlon,Alleyne,MARLON.ALLEYNE@kkhairemporium.com,8e4d866609bd51cc,,Coconut Walk #279,St. James,BB14000,Barbados,435-8498-11846
Shanice,Charles,SHANICE.CHARLES@ kandk-hair.co,273a909956d8f528,,Cedar Park #269,St. John Figtree,2593,St. Kitts & Nevis,991-5738-0
Dwayne,O'Connor,DWAYNE.OCONNOR@mail.kkhair.net,4db7ed669ce8d8cd,,Cedar Park #70,Diego Martin,35764,Trinidad & Tobago,+1 (868) 0941010276078195
Mikaël,Greenidge,Mikal.Greenidge_884@kkhairemporium.com,b5d15e0cfadf1f23,,Sugar Cane Way #205,St. George Basseterre,KN0101,St. Kitts & Nevis,459-9841-337
Jéssica ,Clarke,Jssica.Clarke@mail.kkhair.net,,,,,,,
Shanice ,Thompson,Shanice.Thompson@loyalty.kkhair.com,,,,,,,
Andre,Clarke,Andre.Clarke@loyalty.kkhair.com,7a05ede80c9344f4,,Bamboo Crescent #33,St. Thomas Lowland,KN0101,St. Kitts & Nevis,(170) 05455
Mikaël,García,MIKAL.GARCA.980@kandk-hair.co,2f2bafa52e77cc17,,Coral Ridge #266,Micoud,LC12 301,St. Lucia,+1 (758) 055839
Tanesha,Singh,Tanesha.Singh@loyalty.kkhair.com,c8ccd23544748cf4,,Hibiscus Lane #118,Soufrière,LC04 101,St. Lucia,(867) 4857
Chloë,Núñez,Chlo.Nez_312kkhairemporium.com,769cb77d670afb96,,Cedar Park #277,Vieux Fort,2958,St. Lucia,021-7047-012
Kareem,García,Kareem.Garca@mail.kkhair.net,fb14e51816cbebd5,,Coral Ridge #52,Diego Martin,80233,Trinidad & Tobago,+ 06943944  
D’Andre,Alleyne,DANDRE.ALLEYNE@loyalty.kkhair.com,,,,,,,
Chloë,Best,CHLO.BEST@loyalty.kkhair.com,6a79e1b0f0ffb099,,Queen's Road #234,St. John Figtree,9266,St. Kitts & Nevis,+ 1380595194845422  
Devon,Singh,Devon.Singh@#.kandk-hair.co,109c02093637abae,,Mango Tree Drive #76,Dennery,LC10 201,St. Lucia,(721) 7618989878776
Rohan,Joseph,Rohan.Joseph@kkhairemporium.com,2e7830fc9173bfaa,,Market Street #167,Christ Church,96727,Barbados,+1 (246) 44933927
Jéssica,Grant,Jssica.Grant@MAIL.KKHAIR.NET,87e864bcf90a6c4a,,Sunset Blvd #173,Chaguanas,00000,Trinidad & Tobago,607136
Keisha,Jean-Baptiste,Keisha.Jean-Baptiste@loyalty.kkhair.com,be065601d092ea05,,Hibiscus Lane #13,Port of Spain,TT9408,Trinidad & Tobago,587-5585-09591
Chloë,Ramdeen,CHLO.RAMDEEN@kkhairemporium.com,6cb2ebc5d4175f6a,,Harbour View #248,St. Andrew,03,Jamaica,895-9153-242
Tia De la,Cruz,Tia.Cruz@mail.kkhair.net,,,,,,,
Kirsten De la,Cruz,Kirsten.Cruz.397@kkhairemporium.com,3fe6df1204f21a40,,Bay Street #66,St. George Basseterre,KN0101,St. Kitts & Nevis,+1 (869) 62446220
Kofi,Thompson,Kofi.Thompson@kandk-hair.co,6b1f8b06751e04ZZ,,Coral Ridge #7,St. James,16,Jamaica,+1 (876) 327737655476
Kirsten De la,Cruz,Kirsten.Cruz@LOYALTY.KKHAIR.COM,,,,,,,
D’Andre,Brathwaite,DAndre.Brathwaite@kandk-hair.co,97d096d5b0aa5ad5,,Coral Ridge #75,St. Peter Basseterre,KN0503,St. Kitts & Nevis,+1 (869) 3468927047
Mikaël St.,Clair,Mikal.Clair_928@KKHAIREMPORIUM.COM,274b5ec5b4152733,,Coconut Walk #85,St. George,BB17001,Barbados,+ 167811  
Kirsten,O'Connor,Kirsten.OConnor_520@mail.kkhair.net,,,,,,,
Anaïs ,Morris,Anas.Morris@kkhairemporium.com,03f143ed9a2fe144,,Sugar Cane Way #180,Gros Islet,6002,St. Lucia,253-2095-928
Andre Núñez,Forde,Andre.Forde@kkhairemporium.com,fd6f570aafff6c%^,,Coral Ridge #112,Manchester,09,Jamaica,+ 3903560285869660  
Rohan,Lewis,ROHAN.LEWIS@loyalty.kkhair.com,71467626b29aa0e0,,Independence Ave #217,St. Michael,60529,Barbados,+ 14487621  
Tia,Baptiste,Tia.Baptiste_515@mail.kkhair.net,a140192ef1f78d17,,Coconut Walk #7,St. John Figtree,KN0101,St. Kitts & Nevis,+ 5275428328  
Devon St.,Clair,Devon.Clair@KANDK-HAIR.CO,,,,,,,
Devon,Greenidge,Devon.Greenidge@domain_with_space.KANDK-HAIR.CO,f6e996036d756e05,,Independence Ave #3,Soufrière,LC12 301,St. Lucia,513-3117-8605
Keisha,Ramdeen,Keisha.Ramdeen@kandk-hair.co,5706d0ceff358f5c,,Bay Street #208,Chaguanas,85522,Trinidad & Tobago,453-752
Rashida,Williams,Rashida.Williams@kkhairemporium.com,ed9df1b1d066278d,,Mango Tree Drive #164,St. Paul Charlestown,KN0101,St. Kitts & Nevis,+1 (869) 563338923495
Kareem,Lewis,Kareem.Lewis@loyalty.kkhair.com,54df6a909ecbe3dd,,Bamboo Crescent #188,St. George Basseterre,9593,St. Kitts & Nevis,+1 (869) 56434760882
Aaliyah,Joseph,Aaliyah.Joseph@KANDK-HAIR.CO,4076c919f922d787,,Sunset Blvd #32,Couva-Tabaquite-Talparo,22834,Trinidad & Tobago,284-5541
Devon,Thompson,Devon.Thompson_820@@KKHAIREMPORIUM.COM,a7763f28eab82559,,Palm Grove #93,St. Paul Charlestown,KN0101,St. Kitts & Nevis,+ 895217  
Kirsten ,Singh,Kirsten.Singh@kkhairemporium.com,5f8c4779917fcb86,,Sugar Cane Way #288,St. Ann,12,Jamaica,641-4863-2908
Kirsten,Singh,Kirsten.Singh@mail.kkhair.net,6baf15402ef20d49,,Harbour View #293,St. James,45056,Barbados,+ 14391032  
Jermaine,Jean-Baptiste,Jermaine.Jean-Baptiste@loyalty.kkhair.com,e5c02effb76944a6,,Independence Ave #185,Diego Martin,00000,Trinidad & Tobago,+1 (868) 75021885
Rohan,Baptiste,Rohan.Baptiste.389@loyalty.kkhair.com,1c5a2afaa381ce30,,Coconut Walk #181,Arima,73405,Trinidad & Tobago,+ 4966529483  
D’Andre O'Connor,Williams,DAndre.Williams@loyalty.kkhair.com,579ec8d25c286c73,,Bay Street #226,St. Catherine,49074,Jamaica,519-5663-0063
Renée,Forde,Rene.Forde@kkhairemporium.com,1ab91f25c3a95f01,,Bamboo Crescent #54,Gros Islet,3108,St. Lucia,+1 (758) 4602136884
Zoë,Singh,ZO.SINGH@loyalty.kkhair.com,f0d6044577b4ef3b,,Bay Street #210,St. Catherine,30532,Jamaica,7464550728310185
Sofía Alleyne,Greenidge,Sofa.Greenidge@mail.kkhair.net,2fabf745101a0a9b,,Queen's Road #282,St. Thomas Lowland,KN0101,St. Kitts & Nevis,34424627123
Dwayne Morris,Hernández,Dwayne.Hernndez@kkhairemporium.com,5391e7f61e286060,,Palm Grove #175,St. John Figtree,3901,St. Kitts & Nevis,+1 (869) 247485798889
Jamal,Hernández,JAMAL.HERNNDEZ@kandk-hair.co,b972c9b8e11f58d6,,Cedar Park #180,St. Thomas Lowland,KN0101,St. Kitts & Nevis,+1 (869) 75007709903
D’Andre,Campbell,DANDRE.CAMPBELL_215@#.kandk-hair.co,0d55c162c84cc773,,Market Street #80,Christ Church,BB14000,Barbados,719945740519
Jamal De la,Cruz,JAMAL.CRUZ@kandk-hair.co,e80b50ab1bf428e4,,Hibiscus Lane #89,St. James,20087,Barbados,+ 54062789088  
Keisha,Dottin,Keisha.Dottin@loyalty.kkhair.com,b06bd3d5e382685f,,Hibiscus Lane #162,Clarendon,40477,Jamaica,+1 (876) 420942079374
Khadija,Williams,Khadija.Williams_798@kkhairemporium.com,,,,,,,
Andre,Baptiste,Andre.Baptiste@mail.kkhair.net,5b13c2bdf1f461ZZ,,Cedar Park #158,St. Peter,BB14000,Barbados,+1 (246) 32692494
D’Andre,Forde,DAndre.Forde.408@kandk-hair.co,4cbc6c14b7cf6414,,Bamboo Crescent #282,St. Michael,BB23026,Barbados,73871834100
Khadija,Grant,Khadija.Grant@kandk-hair.co,7fb099e1a718f04f,,Cedar Park #234,Soufrière,LC12 301,St. Lucia,+ 050198575473  
Devon,Pérez,DEVON.PREZ@,c4f950a54ae61f65,,Bamboo Crescent #205,St. George,BB14000,Barbados,+ 861171340250  
Jéssica,Campbell,Jssica.Campbell@mail.kkhair.net,e8a0f63452325c94,,Coconut Walk #135,St. Ann,16,Jamaica,705070
Anaïs,O'Connor,ANAS.OCONNOR@kandk-hair.co,1430015fd9be10b3,,Bay Street #28,St. John Figtree,KN0101,St. Kitts & Nevis,37693287
Keisha van der,Kringle,Keisha.Kringle@kkhairemporium.com,8780205cbaec9ebd,,Mango Tree Drive #99,Clarendon,87063,Jamaica,+1 (876) 0506859023309462
Tanesha,Singh,TANESHA.SINGH@kandk-hair.co,ccd5e85701e2a8fa,,Bamboo Crescent #100,San Fernando,00000,Trinidad & Tobago,+1 (868) 567814
Renée,Morris,Rene.Morris@LOYALTY.KKHAIR.COM,0ab4808ffaf590ZZ,,Bamboo Crescent #267,Diego Martin,22106,Trinidad & Tobago,2494764
Anaïs,Brathwaite,Anas.Brathwaite@#.LOYALTY.KKHAIR.COM,,,,,,,
Sade ,Jean-Baptiste,Sade.Jean-Baptiste@kkhairemporium.com,078bb9c9513304%^,,Market Street #281,St. Paul Charlestown,1114,St. Kitts & Nevis,+ 7507519267750461  
Chloë,Grant,Chlo.Grant@mail.kkhair.net,fc92894f3e9a629b,,Market Street #27,St. George Basseterre,KN0101,St. Kitts & Nevis,(735) 64272
D’Andre,Singh-Joseph,DAndre.Singh-Joseph@,b5aa62682ed550b9,,Seaview Terrace #17,St. Michael,BB17001,Barbados,84828173
Latoya,Best,LATOYA.BEST-185@mail.kkhair.net,ca3827960ec74ec2,,Queen's Road #45,Arima,00000,Trinidad & Tobago,+1 (868) 3637437
Noël,Singh,Nol.Singh@LOYALTY.KKHAIR.COM,3ea193906d79e8a3,,Coral Ridge #124,Diego Martin,00000,Trinidad & Tobago,+1 (868) 944312
Sade ,García,Sade.Garca_351@#.mail.kkhair.net,,,,,,,
Aaliyah,Forde,Aaliyah.Forde-303@kkhairemporium.com,9c88f31c1c1de7fe,,Sunset Blvd #279,Kingston,17859,Jamaica,479-8011-7056
Jermaine,Dottin,Jermaine.Dottin@kandk-hair.co,6109a66860850e%^,,Coconut Walk #229,Vieux Fort,4314,St. Lucia,+1 (758) 3825117230
Jamal,Grant,Jamal.Grant@mail.kkhair.net,b2cc1757f0380b1e,,Bamboo Crescent #50,Micoud,LC10 201,St. Lucia,477259611595
Jéssica,Grant,Jssica.Grant@@kkhairemporium.com,6d7ad1fe79f4983d,,Market Street #252,St. Thomas Lowland,KN0101,St. Kitts & Nevis,(429) 3268348
Noël,Campbell,NOL.CAMPBELL@loyalty.kkhair.com,9a5548bce077b18d,,Mango Tree Drive #143,St. George Basseterre,KN0302,St. Kitts & Nevis,8789591
Andre,Hernández,Andre.Hernndez@domain_with_space.kkhairemporium.com,f6d0d766b1cccfd0,,Market Street #14,Couva-Tabaquite-Talparo,00000,Trinidad & Tobago,+ 30692509805  
Dwayne,Pérez-Ramdeen,DWAYNE.PREZ-RAMDEEN@MAIL.KKHAIR.NET,396df80742ee823f,,Sugar Cane Way #21,Vieux Fort,4084,St. Lucia,157-5229-50838
Jéssica,Clarke,JSSICA.CLARKE@kkhairemporium.com,319fd02b1778a254,,Bamboo Crescent #45,St. Paul Charlestown,KN0302,St. Kitts & Nevis,(742) 50743
Noël,Núñez,Nol.Nez@ mail.kkhair.net,ad4e7fffca80479f,,Bay Street #99,Soufrière,LC04 101,St. Lucia,+1 (758) 5652936756
Andre,Williams,Andre.Williams@@kkhairemporium.com,e6f2ad3c52f6cf27,,Coconut Walk #11,Dennery,LC04 101,St. Lucia,6616246988
Anaïs,Jean-Baptiste,Anas.Jean-Baptisteloyalty.kkhair.com,52135a9cea29bef1,,Harbour View #273,Clarendon,05,Jamaica,35456367
Khadija,Best,Khadija.Best@loyalty.kkhair.com,42258e86a1df516f,,Bay Street #10,San Fernando,TT3474,Trinidad & Tobago,+1 (868) 90150595476
Keisha,Baptiste,Keisha.Baptiste@loyalty.kkhair.com,7c4abd28834e1216,,Coral Ridge #131,Port of Spain,00000,Trinidad & Tobago,+1 (868) 32409652612
Sofía van der,Kringle,Sofa.Kringlekandk-hair.co,c1e5ca5138ed1de7,,Coral Ridge #123,St. Andrew,85097,Jamaica,2050650696158844
Mikaël St.,Clair,MIKAL.CLAIR@KKHAIREMPORIUM.COM,546efa1890c7588c,,Cedar Park #57,Couva-Tabaquite-Talparo,00000,Trinidad & Tobago,(427) 93399
Noël,Thompson,Nol.Thompsonloyalty.kkhair.com,be3d32d5b9639a7d,,Market Street #223,Castries,4654,St. Lucia,+1 (758) 6161605433707367
Chloë,Morris,Chlo.Morris@kkhairemporium.com,,,,,,,
Rohan ,Singh,Rohan.Singh@loyalty.kkhair.com,,,,,,,
Kareem,Hernández,Kareem.Hernndez_506@mail.kkhair.net,535f9d53669bb5bc,,Coral Ridge #88,Micoud,LC04 101,St. Lucia,414-7537-637825648
Jéssica,Holder,Jssica.Holder@kandk-hair.co,3bc80d05fd30057b,,Coral Ridge #133,St. Catherine,19,Jamaica,+ 494385633759  
Sofía,Williams-Brathwaite,Sofa.Williams-Brathwaite@KKHAIREMPORIUM.COM,6ebb5d7528b31b23,,Sunset Blvd #255,Couva-Tabaquite-Talparo,83437,Trinidad & Tobago,433-9553-433
Rohan,Forde,ROHAN.FORDE@ loyalty.kkhair.com,04eec13473c4afZZ,,Cedar Park #211,St. Paul Charlestown,6714,St. Kitts & Nevis,+ 384718458163  
Tia,Forde,Tia.Forde@loyalty.kkhair.com,,,,,,,
Mikaël,Campbell,Mikal.Campbell@kkhairemporium.com,1b6517c270299d83,,Coral Ridge #148,St. George Basseterre,KN0302,St. Kitts & Nevis,(069) 32894011
José,Lewis,Jos.Lewis@kandk-hair.co,4d67b573ea9ef3ZZ,,Hibiscus Lane #67,Kingston,23876,Jamaica,(482) 28780
Mikaël,Holder,MIKAL.HOLDER@kandk-hair.co,cdd1cb0b4d21ddbb,,Bamboo Crescent #131,St. James,24063,Jamaica,(439) 684
Andre ,Clarke-Johnson,Andre.Clarke-Johnson@kkhairemporium.com,2ebed031dea44d49,,Seaview Terrace #266,Arima,TT3753,Trinidad & Tobago,+ 17731319  
Tyrone,Johnson,TYRONE.JOHNSON@KANDK-HAIR.CO,a269cb1dadd7f89f,,Sunset Blvd #85,St. Thomas Lowland,KN0302,St. Kitts & Nevis,+ 5729976656  
Latoya,Holder,Latoya.Holder@loyalty.kkhair.com,5beb08245dc97b08,,Sugar Cane Way #228,St. Andrew,04,Jamaica,+ 2477603  
Latoya Forde,Browne,Latoya.Browne@mail.kkhair.net,4b3e6d3cb547a1f7,,Seaview Terrace #185,Christ Church,BB14000,Barbados,603-3429-9508
Renée van der,Kringle,Rene.Kringle@mail.kkhair.net,f81d584c317748ff,,Market Street #141,Arima,24552,Trinidad & Tobago,+1 (868) 9406357
Jermaine,Dottin,Jermaine.Dottin@mail.kkhair.net,010c2bbb75488abd,,Sunset Blvd #156,Clarendon,90613,Jamaica,+1 (876) 99517699330
José,Campbell,JOS.CAMPBELL@,7523214dd47fe637,,Bay Street #276,St. Peter Basseterre,KN0503,St. Kitts & Nevis,803-4633-287
Sade,Forde,SADE.FORDE_527@mail.kkhair.net,399a67fb503bc38d,,Coconut Walk #40,Vieux Fort,LC10 201,St. Lucia,40913417810
Jéssica,Greenidge-Forde,Jssica.Greenidge-Forde_660@mail.kkhair.net,7d64b4b9616a7a52,,Coconut Walk #195,Soufrière,1348,St. Lucia,+1 (758) 471575610801
Andre,Williams,Andre.Williams@mail.kkhair.net,cb9620abef21614e,,Bay Street #280,Arima,53341,Trinidad & Tobago,(843) 42314
Kareem St.,Clair,Kareem.Clair@kkhairemporium.com,9390b1b0278f85c7,,Independence Ave #88,St. Ann,49742,Jamaica,+1 (876) 392453960424
Rohan,Jean-Baptiste,Rohan.Jean-Baptiste@loyalty.kkhair.com,a69a5e68dbeea77b,,Seaview Terrace #199,Vieux Fort,1106,St. Lucia,+ 1540244  
Chloë,Grant,CHLO.GRANT@mail.kkhair.net,760a0e8a19975e35,,Market Street #144,St. Thomas Lowland,2826,St. Kitts & Nevis,+1 (869) 36240885163
Tia,Joseph,Tia.Joseph@kkhairemporium.com,e3c5e8ee22679fe1,,Cedar Park #131,St. John Figtree,KN0101,St. Kitts & Nevis,+ 8213114  
Kareem,Charles,KAREEM.CHARLES@domain_with_space.kkhairemporium.com,4e08c6c236d86c4d,,Sugar Cane Way #100,Diego Martin,00000,Trinidad & Tobago,+1 (868) 29694269
D’Andre,Johnson,DAndre.Johnson@kkhairemporium.com,48cba4bfe6a3c740,,Bay Street #238,Dennery,LC04 101,St. Lucia,002-1498-0084
Aaliyah,Johnson,Aaliyah.Johnson@kandk-hair.co,46a05223f0101454,,Sugar Cane Way #86,Castries,LC10 201,St. Lucia,+1 (758) 0898046617
Renée,Alleyne,Rene.Alleyne@kandk-hair.co,106b1ebc78931b79,,Sunset Blvd #96,St. John Figtree,3680,St. Kitts & Nevis,+1 (869) 07932818
Tanesha,Morris,Tanesha.Morris.264@mail.kkhair.net,878f0350b13c6747,,Coral Ridge #113,St. Peter Basseterre,KN0503,St. Kitts & Nevis,(924) 912
Anaïs,Lewis,Anas.Lewis@LOYALTY.KKHAIR.COM,d55096ee389f5984,,Market Street #122,Castries,6287,St. Lucia,808-2078-098822092
Tanesha,Dottin,TANESHA.DOTTIN@kkhairemporium.com,7a865d1755910e%^,,Sunset Blvd #178,St. George Basseterre,KN0503,St. Kitts & Nevis,+1 (869) 888959
Jéssica,Lewis,Jssica.Lewis.623@kkhairemporium.com,8609811210dac266,,Mango Tree Drive #87,Soufrière,LC12 301,St. Lucia,(075) 059990640
D’Andre,Ramdeen,DAndre.Ramdeen@mail.kkhair.net,b2348b1fe7d7a1d1,,Independence Ave #236,Kingston,14,Jamaica,260-1772-6
Tyrone,Pérez,Tyrone.Prez@domain_with_space.kandk-hair.co,a718cf90e3b7732a,,Cedar Park #213,St. Andrew,70390,Jamaica,+ 8483364921529645  
Sofía,Williams,SOFA.WILLIAMS@mail.kkhair.net,5e061dfd84132fZZ,,Seaview Terrace #135,St. Thomas,BB14000,Barbados,+1 (246) 95668651
Tyrone,Greenidge,Tyrone.Greenidge@,,,,,,,
Dwayne Lewis,Williams,Dwayne.Williams@loyalty.kkhair.com,5c0d04740005f0df,,Coconut Walk #217,St. Thomas Lowland,KN0302,St. Kitts & Nevis,221-2881
Anaïs,Thompson,ANAS.THOMPSON_507@kandk-hair.co,5566459dc3e213c6,,Hibiscus Lane #229,St. Thomas Lowland,KN0101,St. Kitts & Nevis,+ 4472270048997442  
Rohan,Morris,Rohan.Morris@kkhairemporium.com,cfbbef2ae777a76f,,Market Street #150,Couva-Tabaquite-Talparo,17342,Trinidad & Tobago,761927812079
D’Andre,Singh,DAndre.Singh@loyalty.kkhair.com,,,,,,,
Jermaine,Greenidge,Jermaine.Greenidge@kkhairemporium.com,,,,,,,
Keisha,Browne,Keisha.Browne@kkhairemporium.com,6ad4997f558035%^,,Coral Ridge #36,Manchester,06,Jamaica,(666) 78303172
Mikaël,Baptiste,Mikal.Baptiste@loyalty.kkhair.com,08db7a281bc9b681,,Mango Tree Drive #187,St. Ann,81932,Jamaica,257-5022
Sade,Morris,Sade.Morris@kandk-hair.co,071a92a516f31308,,Queen's Road #23,Manchester,18,Jamaica,008768486558
Jermaine,Alleyne,Jermaine.Alleyne@LOYALTY.KKHAIR.COM,de984552dc1b5638,,Coconut Walk #93,Couva-Tabaquite-Talparo,TT4643,Trinidad & Tobago,931-2404-938
Noël,Dottin,NOL.DOTTIN@domain_with_space.loyalty.kkhair.com,,,,,,,
Zoë,Brathwaite,Zo.Brathwaite@kandk-hair.co,167f69b6b1143ad7,,Coral Ridge #144,Couva-Tabaquite-Talparo,34736,Trinidad & Tobago,19978513445
D’Andre,Charles,DAndre.Charles-739@#.mail.kkhair.net,2da0e9c3418da9ac,,Harbour View #108,St. James,07,Jamaica,2230421037998204
Marlon,Browne,MARLON.BROWNE@#.kandk-hair.co,0d5e92bf165c183c,,Coconut Walk #113,Couva-Tabaquite-Talparo,TT2839,Trinidad & Tobago,(455) 7464333040305
Zoë,Greenidge,Zo.Greenidge-842@mail.kkhair.net,77ea63fa4c3558%^,,Cedar Park #172,St. Peter,BB14000,Barbados,+1 (246) 022874
Tia,Campbell,TIA.CAMPBELL@mail.kkhair.net,905cbaa58b157730,,Coconut Walk #275,Dennery,LC12 301,St. Lucia,+ 38827374  
Shanice,Joseph,Shanice.Joseph@loyalty.kkhair.com,6b7f3539c71f11a6,,Bamboo Crescent #277,St. John Figtree,KN0302,St. Kitts & Nevis,6557474
Jéssica,Núñez,Jssica.Nez@kkhairemporium.com,cc7b4f7c00ebb080,,Hibiscus Lane #262,San Fernando,00000,Trinidad & Tobago,(820) 7907
Andre,Dottin,ANDRE.DOTTIN-160@MAIL.KKHAIR.NET,44276e08a16d0f59,,Mango Tree Drive #97,St. Peter,BB23026,Barbados,(197) 2855867931602
Rashida,Núñez,RASHIDA.NEZ@kkhairemporium.com,,,,,,,
Keisha,Greenidge,Keisha.Greenidge@,8725dddeebc9c6c7,,Coconut Walk #268,Clarendon,63273,Jamaica,870146187027
